rank_channel_index,x,y,z,power,temperature
0,0,0,0,0.794637,180.652
0,1,0,0,0,140.056
0,2,0,0,0,118.119
0,3,0,0,0,103.295
0,4,0,0,0,92.217
0,5,0,0,0,83.5644
0,6,0,0,0,76.6455
0,7,0,0,0,71.0267
0,8,0,0,0,66.4101
0,9,0,0,0,62.581
0,10,0,0,0,59.38
0,11,0,0,0,56.6865
0,12,0,0,0,54.4072
0,13,0,0,0,52.4692
0,14,0,0,0,50.8145
0,15,0,0,0,49.3968
0,16,0,0,0,48.1782
0,17,0,0,0,47.128
0,18,0,0,0,46.2207
0,19,0,0,0,45.4353
0,20,0,0,0,44.7541
0,21,0,0,0,44.1622
0,22,0,0,0,43.6473
0,23,0,0,0,43.1986
0,24,0,0,0,42.8072
0,25,0,0,0,42.4654
0,26,0,0,0,42.1665
0,27,0,0,0,41.9051
0,28,0,0,0,41.6761
0,29,0,0,0,41.4754
0,30,0,0,0,41.2994
0,31,0,0,0,41.1449
0,32,0,0,0,41.0092
0,33,0,0,0,40.89
0,34,0,0,0,40.7851
0,35,0,0,0,40.6929
0,36,0,0,0,40.6118
0,37,0,0,0,40.5404
0,38,0,0,0,40.4775
0,39,0,0,0,40.422
0,40,0,0,0,40.3732
0,41,0,0,0,40.3302
0,42,0,0,0,40.2922
0,43,0,0,0,40.2588
0,44,0,0,0,40.2293
0,45,0,0,0,40.2033
0,46,0,0,0,40.1803
0,47,0,0,0,40.1602
0,48,0,0,0,40.1424
0,49,0,0,0,40.1267
0,50,0,0,0,40.113
0,51,0,0,0,40.1009
0,52,0,0,0,40.0903
0,53,0,0,0,40.0811
0,54,0,0,0,40.073
0,55,0,0,0,40.066
0,56,0,0,0,40.06
0,57,0,0,0,40.0549
0,58,0,0,0,40.0506
0,59,0,0,0,40.0469
0,60,0,0,0,40.044
0,61,0,0,0,40.0417
0,62,0,0,0,40.04
0,63,0,0,0,40.0389
0,0,1,0,0,140.056
0,1,1,0,0,124.787
0,2,1,0,0,110.332
0,3,1,0,0,98.5453
0,4,1,0,0,89.061
0,5,1,0,0,81.3709
0,6,1,0,0,75.0753
0,7,1,0,0,69.8768
0,8,1,0,0,65.5516
0,9,1,0,0,61.9295
0,10,1,0,0,58.8786
0,11,1,0,0,56.2958
0,12,1,0,0,54.0995
0,13,1,0,0,52.2246
0,14,1,0,0,50.6185
0,15,1,0,0,49.2386
0,16,1,0,0,48.0497
0,17,1,0,0,47.023
0,18,1,0,0,46.1345
0,19,1,0,0,45.3642
0,20,1,0,0,44.6952
0,21,1,0,0,44.1133
0,22,1,0,0,43.6065
0,23,1,0,0,43.1645
0,24,1,0,0,42.7786
0,25,1,0,0,42.4413
0,26,1,0,0,42.1463
0,27,1,0,0,41.8879
0,28,1,0,0,41.6616
0,29,1,0,0,41.4631
0,30,1,0,0,41.2889
0,31,1,0,0,41.136
0,32,1,0,0,41.0016
0,33,1,0,0,40.8835
0,34,1,0,0,40.7796
0,35,1,0,0,40.6882
0,36,1,0,0,40.6077
0,37,1,0,0,40.5369
0,38,1,0,0,40.4745
0,39,1,0,0,40.4195
0,40,1,0,0,40.371
0,41,1,0,0,40.3283
0,42,1,0,0,40.2906
0,43,1,0,0,40.2573
0,44,1,0,0,40.228
0,45,1,0,0,40.2022
0,46,1,0,0,40.1794
0,47,1,0,0,40.1594
0,48,1,0,0,40.1417
0,49,1,0,0,40.1261
0,50,1,0,0,40.1124
0,51,1,0,0,40.1004
0,52,1,0,0,40.0899
0,53,1,0,0,40.0807
0,54,1,0,0,40.0727
0,55,1,0,0,40.0658
0,56,1,0,0,40.0598
0,57,1,0,0,40.0547
0,58,1,0,0,40.0504
0,59,1,0,0,40.0468
0,60,1,0,0,40.0439
0,61,1,0,0,40.0416
0,62,1,0,0,40.0399
0,63,1,0,0,40.0388
0,0,2,0,0,118.119
0,1,2,0,0,110.332
0,2,2,0,0,101.149
0,3,2,0,0,92.4951
0,4,2,0,0,84.9104
0,5,2,0,0,78.4288
0,6,2,0,0,72.9362
0,7,2,0,0,68.2893
0,8,2,0,0,64.3533
0,9,2,0,0,61.0117
0,10,2,0,0,58.1668
0,11,2,0,0,55.7376
0,12,2,0,0,53.6576
0,13,2,0,0,51.8718
0,14,2,0,0,50.3347
0,15,2,0,0,49.0088
0,16,2,0,0,47.8625
0,17,2,0,0,46.8698
0,18,2,0,0,46.0085
0,19,2,0,0,45.2601
0,20,2,0,0,44.6088
0,21,2,0,0,44.0414
0,22,2,0,0,43.5464
0,23,2,0,0,43.1142
0,24,2,0,0,42.7363
0,25,2,0,0,42.4058
0,26,2,0,0,42.1163
0,27,2,0,0,41.8626
0,28,2,0,0,41.6401
0,29,2,0,0,41.4449
0,30,2,0,0,41.2734
0,31,2,0,0,41.1228
0,32,2,0,0,40.9903
0,33,2,0,0,40.8739
0,34,2,0,0,40.7714
0,35,2,0,0,40.6812
0,36,2,0,0,40.6017
0,37,2,0,0,40.5317
0,38,2,0,0,40.47
0,39,2,0,0,40.4156
0,40,2,0,0,40.3677
0,41,2,0,0,40.3254
0,42,2,0,0,40.2881
0,43,2,0,0,40.2552
0,44,2,0,0,40.2262
0,45,2,0,0,40.2006
0,46,2,0,0,40.1781
0,47,2,0,0,40.1582
0,48,2,0,0,40.1406
0,49,2,0,0,40.1252
0,50,2,0,0,40.1117
0,51,2,0,0,40.0997
0,52,2,0,0,40.0893
0,53,2,0,0,40.0802
0,54,2,0,0,40.0722
0,55,2,0,0,40.0654
0,56,2,0,0,40.0594
0,57,2,0,0,40.0543
0,58,2,0,0,40.0501
0,59,2,0,0,40.0465
0,60,2,0,0,40.0436
0,61,2,0,0,40.0413
0,62,2,0,0,40.0397
0,63,2,0,0,40.0386
0,0,3,0,0,103.295
0,1,3,0,0,98.5453
0,2,3,0,0,92.4951
0,3,3,0,0,86.248
0,4,3,0,0,80.3723
0,5,3,0,0,75.0882
0,6,3,0,0,70.441
0,7,3,0,0,66.3997
0,8,3,0,0,62.9042
0,9,3,0,0,59.8877
0,10,3,0,0,57.286
0,11,3,0,0,55.0411
0,12,3,0,0,53.1023
0,13,3,0,0,51.4259
0,14,3,0,0,49.9743
0,15,3,0,0,48.7157
0,16,3,0,0,47.6229
0,17,3,0,0,46.673
0,18,3,0,0,45.8461
0,19,3,0,0,45.1256
0,20,3,0,0,44.4971
0,21,3,0,0,43.9482
0,22,3,0,0,43.4685
0,23,3,0,0,43.0488
0,24,3,0,0,42.6814
0,25,3,0,0,42.3595
0,26,3,0,0,42.0772
0,27,3,0,0,41.8295
0,28,3,0,0,41.612
0,29,3,0,0,41.421
0,30,3,0,0,41.2531
0,31,3,0,0,41.1055
0,32,3,0,0,40.9756
0,33,3,0,0,40.8613
0,34,3,0,0,40.7606
0,35,3,0,0,40.6719
0,36,3,0,0,40.5938
0,37,3,0,0,40.5249
0,38,3,0,0,40.4642
0,39,3,0,0,40.4106
0,40,3,0,0,40.3634
0,41,3,0,0,40.3217
0,42,3,0,0,40.2849
0,43,3,0,0,40.2524
0,44,3,0,0,40.2238
0,45,3,0,0,40.1985
0,46,3,0,0,40.1762
0,47,3,0,0,40.1566
0,48,3,0,0,40.1393
0,49,3,0,0,40.124
0,50,3,0,0,40.1106
0,51,3,0,0,40.0988
0,52,3,0,0,40.0885
0,53,3,0,0,40.0795
0,54,3,0,0,40.0716
0,55,3,0,0,40.0648
0,56,3,0,0,40.0589
0,57,3,0,0,40.0539
0,58,3,0,0,40.0497
0,59,3,0,0,40.0461
0,60,3,0,0,40.0433
0,61,3,0,0,40.041
0,62,3,0,0,40.0394
0,63,3,0,0,40.0383
0,0,4,0,0,92.217
0,1,4,0,0,89.061
0,2,4,0,0,84.9104
0,3,4,0,0,80.3723
0,4,4,0,0,75.8699
0,5,4,0,0,71.6389
0,6,4,0,0,67.7858
0,7,4,0,0,64.3414
0,8,4,0,0,61.2963
0,9,4,0,0,58.6219
0,10,4,0,0,56.282
0,11,4,0,0,54.2392
0,12,4,0,0,52.4577
0,13,4,0,0,50.9045
0,14,4,0,0,49.5503
0,15,4,0,0,48.3692
0,16,4,0,0,47.3384
0,17,4,0,0,46.4384
0,18,4,0,0,45.652
0,19,4,0,0,44.9644
0,20,4,0,0,44.3627
0,21,4,0,0,43.8359
0,22,4,0,0,43.3744
0,23,4,0,0,42.9697
0,24,4,0,0,42.6148
0,25,4,0,0,42.3032
0,26,4,0,0,42.0296
0,27,4,0,0,41.7892
0,28,4,0,0,41.5778
0,29,4,0,0,41.3919
0,30,4,0,0,41.2283
0,31,4,0,0,41.0843
0,32,4,0,0,40.9575
0,33,4,0,0,40.8458
0,34,4,0,0,40.7474
0,35,4,0,0,40.6606
0,36,4,0,0,40.584
0,37,4,0,0,40.5165
0,38,4,0,0,40.457
0,39,4,0,0,40.4044
0,40,4,0,0,40.358
0,41,4,0,0,40.3171
0,42,4,0,0,40.2809
0,43,4,0,0,40.249
0,44,4,0,0,40.2208
0,45,4,0,0,40.196
0,46,4,0,0,40.174
0,47,4,0,0,40.1547
0,48,4,0,0,40.1376
0,49,4,0,0,40.1226
0,50,4,0,0,40.1093
0,51,4,0,0,40.0977
0,52,4,0,0,40.0875
0,53,4,0,0,40.0786
0,54,4,0,0,40.0709
0,55,4,0,0,40.0641
0,56,4,0,0,40.0583
0,57,4,0,0,40.0534
0,58,4,0,0,40.0492
0,59,4,0,0,40.0457
0,60,4,0,0,40.0429
0,61,4,0,0,40.0407
0,62,4,0,0,40.039
0,63,4,0,0,40.038
0,0,5,0,0,83.5644
0,1,5,0,0,81.3709
0,2,5,0,0,78.4288
0,3,5,0,0,75.0882
0,4,5,0,0,71.6389
0,5,5,0,0,68.2784
0,6,5,0,0,65.1223
0,7,5,0,0,62.2273
0,8,5,0,0,59.6126
0,9,5,0,0,57.2752
0,10,5,0,0,55.1998
0,11,5,0,0,53.3652
0,12,5,0,0,51.7485
0,13,5,0,0,50.3264
0,14,5,0,0,49.077
0,15,5,0,0,47.98
0,16,5,0,0,47.0173
0,17,5,0,0,46.1725
0,18,5,0,0,45.431
0,19,5,0,0,44.7802
0,20,5,0,0,44.2088
0,21,5,0,0,43.7069
0,22,5,0,0,43.266
0,23,5,0,0,42.8785
0,24,5,0,0,42.5378
0,25,5,0,0,42.2381
0,26,5,0,0,41.9744
0,27,5,0,0,41.7423
0,28,5,0,0,41.538
0,29,5,0,0,41.358
0,30,5,0,0,41.1994
0,31,5,0,0,41.0597
0,32,5,0,0,40.9364
0,33,5,0,0,40.8277
0,34,5,0,0,40.7319
0,35,5,0,0,40.6473
0,36,5,0,0,40.5726
0,37,5,0,0,40.5067
0,38,5,0,0,40.4485
0,39,5,0,0,40.3971
0,40,5,0,0,40.3517
0,41,5,0,0,40.3116
0,42,5,0,0,40.2762
0,43,5,0,0,40.2449
0,44,5,0,0,40.2173
0,45,5,0,0,40.1929
0,46,5,0,0,40.1714
0,47,5,0,0,40.1524
0,48,5,0,0,40.1356
0,49,5,0,0,40.1208
0,50,5,0,0,40.1078
0,51,5,0,0,40.0964
0,52,5,0,0,40.0864
0,53,5,0,0,40.0776
0,54,5,0,0,40.07
0,55,5,0,0,40.0633
0,56,5,0,0,40.0576
0,57,5,0,0,40.0527
0,58,5,0,0,40.0486
0,59,5,0,0,40.0452
0,60,5,0,0,40.0424
0,61,5,0,0,40.0402
0,62,5,0,0,40.0386
0,63,5,0,0,40.0375
0,0,6,0,0,76.6455
0,1,6,0,0,75.0753
0,2,6,0,0,72.9362
0,3,6,0,0,70.441
0,4,6,0,0,67.7858
0,5,6,0,0,65.1223
0,6,6,0,0,62.5536
0,7,6,0,0,60.1422
0,8,6,0,0,57.9204
0,9,6,0,0,55.9
0,10,6,0,0,54.0795
0,11,6,0,0,52.4501
0,12,6,0,0,50.9986
0,13,6,0,0,49.7099
0,14,6,0,0,48.5685
0,15,6,0,0,47.5593
0,16,6,0,0,46.6682
0,17,6,0,0,45.8819
0,18,6,0,0,45.1885
0,19,6,0,0,44.5773
0,20,6,0,0,44.0386
0,21,6,0,0,43.5638
0,22,6,0,0,43.1454
0,23,6,0,0,42.7767
0,24,6,0,0,42.4517
0,25,6,0,0,42.1651
0,26,6,0,0,41.9125
0,27,6,0,0,41.6897
0,28,6,0,0,41.4932
0,29,6,0,0,41.3198
0,30,6,0,0,41.1668
0,31,6,0,0,41.0317
0,32,6,0,0,40.9125
0,33,6,0,0,40.8073
0,34,6,0,0,40.7143
0,35,6,0,0,40.6322
0,36,6,0,0,40.5596
0,37,6,0,0,40.4955
0,38,6,0,0,40.4389
0,39,6,0,0,40.3888
0,40,6,0,0,40.3446
0,41,6,0,0,40.3055
0,42,6,0,0,40.2709
0,43,6,0,0,40.2403
0,44,6,0,0,40.2133
0,45,6,0,0,40.1894
0,46,6,0,0,40.1684
0,47,6,0,0,40.1497
0,48,6,0,0,40.1333
0,49,6,0,0,40.1188
0,50,6,0,0,40.1061
0,51,6,0,0,40.0949
0,52,6,0,0,40.0851
0,53,6,0,0,40.0764
0,54,6,0,0,40.0689
0,55,6,0,0,40.0624
0,56,6,0,0,40.0568
0,57,6,0,0,40.052
0,58,6,0,0,40.048
0,59,6,0,0,40.0446
0,60,6,0,0,40.0418
0,61,6,0,0,40.0397
0,62,6,0,0,40.0381
0,63,6,0,0,40.0371
0,0,7,0,0,71.0267
0,1,7,0,0,69.8768
0,2,7,0,0,68.2893
0,3,7,0,0,66.3997
0,4,7,0,0,64.3414
0,5,7,0,0,62.2273
0,6,7,0,0,60.1422
0,7,7,0,0,58.1445
0,8,7,0,0,56.2701
0,9,7,0,0,54.5378
0,10,7,0,0,52.955
0,11,7,0,0,51.5208
0,12,7,0,0,50.2293
0,13,7,0,0,49.0719
0,14,7,0,0,48.0383
0,15,7,0,0,47.1177
0,16,7,0,0,46.2995
0,17,7,0,0,45.5734
0,18,7,0,0,44.9299
0,19,7,0,0,44.3599
0,20,7,0,0,43.8556
0,21,7,0,0,43.4095
0,22,7,0,0,43.015
0,23,7,0,0,42.6662
0,24,7,0,0,42.358
0,25,7,0,0,42.0856
0,26,7,0,0,41.8448
0,27,7,0,0,41.632
0,28,7,0,0,41.444
0,29,7,0,0,41.2778
0,30,7,0,0,41.1309
0,31,7,0,0,41.001
0,32,7,0,0,40.8862
0,33,7,0,0,40.7846
0,34,7,0,0,40.6949
0,35,7,0,0,40.6155
0,36,7,0,0,40.5453
0,37,7,0,0,40.4832
0,38,7,0,0,40.4282
0,39,7,0,0,40.3796
0,40,7,0,0,40.3366
0,41,7,0,0,40.2986
0,42,7,0,0,40.2649
0,43,7,0,0,40.2352
0,44,7,0,0,40.2088
0,45,7,0,0,40.1856
0,46,7,0,0,40.165
0,47,7,0,0,40.1468
0,48,7,0,0,40.1308
0,49,7,0,0,40.1166
0,50,7,0,0,40.1042
0,51,7,0,0,40.0932
0,52,7,0,0,40.0836
0,53,7,0,0,40.0751
0,54,7,0,0,40.0678
0,55,7,0,0,40.0614
0,56,7,0,0,40.0559
0,57,7,0,0,40.0512
0,58,7,0,0,40.0472
0,59,7,0,0,40.0439
0,60,7,0,0,40.0412
0,61,7,0,0,40.0391
0,62,7,0,0,40.0376
0,63,7,0,0,40.0365
0,0,8,0,0,66.4101
0,1,8,0,0,65.5516
0,2,8,0,0,64.3533
0,3,8,0,0,62.9042
0,4,8,0,0,61.2963
0,5,8,0,0,59.6126
0,6,8,0,0,57.9204
0,7,8,0,0,56.2701
0,8,8,0,0,54.696
0,9,8,0,0,53.2197
0,10,8,0,0,51.8528
0,11,8,0,0,50.5995
0,12,8,0,0,49.459
0,13,8,0,0,48.4274
0,14,8,0,0,47.4983
0,15,8,0,0,46.6648
0,16,8,0,0,45.9191
0,17,8,0,0,45.2533
0,18,8,0,0,44.6601
0,19,8,0,0,44.1323
0,20,8,0,0,43.6631
0,21,8,0,0,43.2465
0,22,8,0,0,42.8768
0,23,8,0,0,42.5489
0,24,8,0,0,42.2582
0,25,8,0,0,42.0006
0,26,8,0,0,41.7724
0,27,8,0,0,41.5702
0,28,8,0,0,41.3911
0,29,8,0,0,41.2325
0,30,8,0,0,41.0921
0,31,8,0,0,40.9678
0,32,8,0,0,40.8576
0,33,8,0,0,40.7601
0,34,8,0,0,40.6738
0,35,8,0,0,40.5973
0,36,8,0,0,40.5296
0,37,8,0,0,40.4697
0,38,8,0,0,40.4166
0,39,8,0,0,40.3695
0,40,8,0,0,40.3279
0,41,8,0,0,40.291
0,42,8,0,0,40.2584
0,43,8,0,0,40.2295
0,44,8,0,0,40.2039
0,45,8,0,0,40.1813
0,46,8,0,0,40.1613
0,47,8,0,0,40.1436
0,48,8,0,0,40.128
0,49,8,0,0,40.1142
0,50,8,0,0,40.102
0,51,8,0,0,40.0913
0,52,8,0,0,40.0819
0,53,8,0,0,40.0737
0,54,8,0,0,40.0665
0,55,8,0,0,40.0603
0,56,8,0,0,40.0549
0,57,8,0,0,40.0503
0,58,8,0,0,40.0464
0,59,8,0,0,40.0432
0,60,8,0,0,40.0405
0,61,8,0,0,40.0385
0,62,8,0,0,40.037
0,63,8,0,0,40.036
0,0,9,0,0,62.581
0,1,9,0,0,61.9295
0,2,9,0,0,61.0117
0,3,9,0,0,59.8877
0,4,9,0,0,58.6219
0,5,9,0,0,57.2752
0,6,9,0,0,55.9
0,7,9,0,0,54.5378
0,8,9,0,0,53.2197
0,9,9,0,0,51.9668
0,10,9,0,0,50.7923
0,11,9,0,0,49.7034
0,12,9,0,0,48.7024
0,13,9,0,0,47.7887
0,14,9,0,0,46.9592
0,15,9,0,0,46.2093
0,16,9,0,0,45.534
0,17,9,0,0,44.9276
0,18,9,0,0,44.3842
0,19,9,0,0,43.8983
0,20,9,0,0,43.4645
0,21,9,0,0,43.0777
0,22,9,0,0,42.7331
0,23,9,0,0,42.4265
0,24,9,0,0,42.1538
0,25,9,0,0,41.9115
0,26,9,0,0,41.6962
0,27,9,0,0,41.505
0,28,9,0,0,41.3353
0,29,9,0,0,41.1847
0,30,9,0,0,41.051
0,31,9,0,0,40.9324
0,32,9,0,0,40.8273
0,33,9,0,0,40.734
0,34,9,0,0,40.6513
0,35,9,0,0,40.5779
0,36,9,0,0,40.5129
0,37,9,0,0,40.4552
0,38,9,0,0,40.4041
0,39,9,0,0,40.3587
0,40,9,0,0,40.3186
0,41,9,0,0,40.283
0,42,9,0,0,40.2514
0,43,9,0,0,40.2234
0,44,9,0,0,40.1987
0,45,9,0,0,40.1767
0,46,9,0,0,40.1573
0,47,9,0,0,40.1401
0,48,9,0,0,40.1249
0,49,9,0,0,40.1115
0,50,9,0,0,40.0997
0,51,9,0,0,40.0893
0,52,9,0,0,40.0802
0,53,9,0,0,40.0721
0,54,9,0,0,40.0651
0,55,9,0,0,40.0591
0,56,9,0,0,40.0538
0,57,9,0,0,40.0493
0,58,9,0,0,40.0455
0,59,9,0,0,40.0424
0,60,9,0,0,40.0398
0,61,9,0,0,40.0378
0,62,9,0,0,40.0363
0,63,9,0,0,40.0353
0,0,10,0,0,59.38
0,1,10,0,0,58.8786
0,2,10,0,0,58.1668
0,3,10,0,0,57.286
0,4,10,0,0,56.282
0,5,10,0,0,55.1998
0,6,10,0,0,54.0795
0,7,10,0,0,52.955
0,8,10,0,0,51.8528
0,9,10,0,0,50.7923
0,10,10,0,0,49.7869
0,11,10,0,0,48.845
0,12,10,0,0,47.9709
0,13,10,0,0,47.166
0,14,10,0,0,46.4293
0,15,10,0,0,45.7586
0,16,10,0,0,45.1506
0,17,10,0,0,44.6012
0,18,10,0,0,44.1063
0,19,10,0,0,43.6616
0,20,10,0,0,43.2626
0,21,10,0,0,42.9054
0,22,10,0,0,42.586
0,23,10,0,0,42.3008
0,24,10,0,0,42.0463
0,25,10,0,0,41.8194
0,26,10,0,0,41.6172
0,27,10,0,0,41.4373
0,28,10,0,0,41.2771
0,29,10,0,0,41.1347
0,30,10,0,0,41.008
0,31,10,0,0,40.8955
0,32,10,0,0,40.7954
0,33,10,0,0,40.7065
0,34,10,0,0,40.6276
0,35,10,0,0,40.5575
0,36,10,0,0,40.4952
0,37,10,0,0,40.4399
0,38,10,0,0,40.3909
0,39,10,0,0,40.3473
0,40,10,0,0,40.3087
0,41,10,0,0,40.2744
0,42,10,0,0,40.2439
0,43,10,0,0,40.217
0,44,10,0,0,40.193
0,45,10,0,0,40.1718
0,46,10,0,0,40.153
0,47,10,0,0,40.1364
0,48,10,0,0,40.1217
0,49,10,0,0,40.1087
0,50,10,0,0,40.0972
0,51,10,0,0,40.0871
0,52,10,0,0,40.0783
0,53,10,0,0,40.0705
0,54,10,0,0,40.0637
0,55,10,0,0,40.0577
0,56,10,0,0,40.0526
0,57,10,0,0,40.0483
0,58,10,0,0,40.0446
0,59,10,0,0,40.0415
0,60,10,0,0,40.039
0,61,10,0,0,40.037
0,62,10,0,0,40.0356
0,63,10,0,0,40.0346
0,0,11,0,0,56.6865
0,1,11,0,0,56.2958
0,2,11,0,0,55.7376
0,3,11,0,0,55.0411
0,4,11,0,0,54.2392
0,5,11,0,0,53.3652
0,6,11,0,0,52.4501
0,7,11,0,0,51.5208
0,8,11,0,0,50.5995
0,9,11,0,0,49.7034
0,10,11,0,0,48.845
0,11,11,0,0,48.033
0,12,11,0,0,47.2727
0,13,11,0,0,46.5667
0,14,11,0,0,45.9156
0,15,11,0,0,45.3187
0,16,11,0,0,44.7739
0,17,11,0,0,44.2788
0,18,11,0,0,43.8304
0,19,11,0,0,43.4253
0,20,11,0,0,43.0603
0,21,11,0,0,42.732
0,22,11,0,0,42.4374
0,23,11,0,0,42.1733
0,24,11,0,0,41.9368
0,25,11,0,0,41.7254
0,26,11,0,0,41.5365
0,27,11,0,0,41.3678
0,28,11,0,0,41.2173
0,29,11,0,0,41.0832
0,30,11,0,0,40.9637
0,31,11,0,0,40.8572
0,32,11,0,0,40.7624
0,33,11,0,0,40.678
0,34,11,0,0,40.603
0,35,11,0,0,40.5362
0,36,11,0,0,40.4768
0,37,11,0,0,40.424
0,38,11,0,0,40.377
0,39,11,0,0,40.3353
0,40,11,0,0,40.2983
0,41,11,0,0,40.2653
0,42,11,0,0,40.2361
0,43,11,0,0,40.2102
0,44,11,0,0,40.1871
0,45,11,0,0,40.1667
0,46,11,0,0,40.1486
0,47,11,0,0,40.1325
0,48,11,0,0,40.1183
0,49,11,0,0,40.1057
0,50,11,0,0,40.0946
0,51,11,0,0,40.0848
0,52,11,0,0,40.0762
0,53,11,0,0,40.0687
0,54,11,0,0,40.0621
0,55,11,0,0,40.0564
0,56,11,0,0,40.0514
0,57,11,0,0,40.0472
0,58,11,0,0,40.0436
0,59,11,0,0,40.0406
0,60,11,0,0,40.0381
0,61,11,0,0,40.0362
0,62,11,0,0,40.0348
0,63,11,0,0,40.0339
0,0,12,0,0,54.4072
0,1,12,0,0,54.0995
0,2,12,0,0,53.6576
0,3,12,0,0,53.1023
0,4,12,0,0,52.4577
0,5,12,0,0,51.7485
0,6,12,0,0,50.9986
0,7,12,0,0,50.2293
0,8,12,0,0,49.459
0,9,12,0,0,48.7024
0,10,12,0,0,47.9709
0,11,12,0,0,47.2727
0,12,12,0,0,46.6134
0,13,12,0,0,45.9964
0,14,12,0,0,45.4232
0,15,12,0,0,44.8941
0,16,12,0,0,44.4082
0,17,12,0,0,43.964
0,18,12,0,0,43.5595
0,19,12,0,0,43.1922
0,20,12,0,0,42.8598
0,21,12,0,0,42.5595
0,22,12,0,0,42.2889
0,23,12,0,0,42.0455
0,24,12,0,0,41.8268
0,25,12,0,0,41.6306
0,26,12,0,0,41.4547
0,27,12,0,0,41.2973
0,28,12,0,0,41.1566
0,29,12,0,0,41.0307
0,30,12,0,0,40.9184
0,31,12,0,0,40.818
0,32,12,0,0,40.7285
0,33,12,0,0,40.6487
0,34,12,0,0,40.5776
0,35,12,0,0,40.5142
0,36,12,0,0,40.4578
0,37,12,0,0,40.4075
0,38,12,0,0,40.3627
0,39,12,0,0,40.3229
0,40,12,0,0,40.2875
0,41,12,0,0,40.256
0,42,12,0,0,40.228
0,43,12,0,0,40.2031
0,44,12,0,0,40.1809
0,45,12,0,0,40.1613
0,46,12,0,0,40.1439
0,47,12,0,0,40.1284
0,48,12,0,0,40.1147
0,49,12,0,0,40.1026
0,50,12,0,0,40.0919
0,51,12,0,0,40.0824
0,52,12,0,0,40.0741
0,53,12,0,0,40.0668
0,54,12,0,0,40.0604
0,55,12,0,0,40.0549
0,56,12,0,0,40.0501
0,57,12,0,0,40.046
0,58,12,0,0,40.0425
0,59,12,0,0,40.0396
0,60,12,0,0,40.0372
0,61,12,0,0,40.0354
0,62,12,0,0,40.034
0,63,12,0,0,40.0331
0,0,13,0,0,52.4692
0,1,13,0,0,52.2246
0,2,13,0,0,51.8718
0,3,13,0,0,51.4259
0,4,13,0,0,50.9045
0,5,13,0,0,50.3264
0,6,13,0,0,49.7099
0,7,13,0,0,49.0719
0,8,13,0,0,48.4274
0,9,13,0,0,47.7887
0,10,13,0,0,47.166
0,11,13,0,0,46.5667
0,12,13,0,0,45.9964
0,13,13,0,0,45.4587
0,14,13,0,0,44.9558
0,15,13,0,0,44.4884
0,16,13,0,0,44.0567
0,17,13,0,0,43.6597
0,18,13,0,0,43.2963
0,19,13,0,0,42.9647
0,20,13,0,0,42.6632
0,21,13,0,0,42.3897
0,22,13,0,0,42.1422
0,23,13,0,0,41.9187
0,24,13,0,0,41.7172
0,25,13,0,0,41.5359
0,26,13,0,0,41.3729
0,27,13,0,0,41.2266
0,28,13,0,0,41.0954
0,29,13,0,0,40.9778
0,30,13,0,0,40.8725
0,31,13,0,0,40.7783
0,32,13,0,0,40.6942
0,33,13,0,0,40.6189
0,34,13,0,0,40.5518
0,35,13,0,0,40.4918
0,36,13,0,0,40.4383
0,37,13,0,0,40.3906
0,38,13,0,0,40.3481
0,39,13,0,0,40.3102
0,40,13,0,0,40.2764
0,41,13,0,0,40.2463
0,42,13,0,0,40.2196
0,43,13,0,0,40.1958
0,44,13,0,0,40.1746
0,45,13,0,0,40.1557
0,46,13,0,0,40.139
0,47,13,0,0,40.1242
0,48,13,0,0,40.111
0,49,13,0,0,40.0994
0,50,13,0,0,40.089
0,51,13,0,0,40.0799
0,52,13,0,0,40.0719
0,53,13,0,0,40.0649
0,54,13,0,0,40.0587
0,55,13,0,0,40.0534
0,56,13,0,0,40.0487
0,57,13,0,0,40.0447
0,58,13,0,0,40.0414
0,59,13,0,0,40.0386
0,60,13,0,0,40.0363
0,61,13,0,0,40.0345
0,62,13,0,0,40.0332
0,63,13,0,0,40.0323
0,0,14,0,0,50.8145
0,1,14,0,0,50.6185
0,2,14,0,0,50.3347
0,3,14,0,0,49.9743
0,4,14,0,0,49.5503
0,5,14,0,0,49.077
0,6,14,0,0,48.5685
0,7,14,0,0,48.0383
0,8,14,0,0,47.4983
0,9,14,0,0,46.9592
0,10,14,0,0,46.4293
0,11,14,0,0,45.9156
0,12,14,0,0,45.4232
0,13,14,0,0,44.9558
0,14,14,0,0,44.5156
0,15,14,0,0,44.1041
0,16,14,0,0,43.7217
0,17,14,0,0,43.3682
0,18,14,0,0,43.0428
0,19,14,0,0,42.7446
0,20,14,0,0,42.4721
0,21,14,0,0,42.2239
0,22,14,0,0,41.9984
0,23,14,0,0,41.794
0,24,14,0,0,41.6092
0,25,14,0,0,41.4422
0,26,14,0,0,41.2917
0,27,14,0,0,41.1562
0,28,14,0,0,41.0343
0,29,14,0,0,40.9248
0,30,14,0,0,40.8265
0,31,14,0,0,40.7385
0,32,14,0,0,40.6595
0,33,14,0,0,40.5889
0,34,14,0,0,40.5256
0,35,14,0,0,40.4691
0,36,14,0,0,40.4186
0,37,14,0,0,40.3734
0,38,14,0,0,40.3331
0,39,14,0,0,40.2972
0,40,14,0,0,40.2651
0,41,14,0,0,40.2365
0,42,14,0,0,40.211
0,43,14,0,0,40.1883
0,44,14,0,0,40.168
0,45,14,0,0,40.15
0,46,14,0,0,40.134
0,47,14,0,0,40.1198
0,48,14,0,0,40.1072
0,49,14,0,0,40.096
0,50,14,0,0,40.0861
0,51,14,0,0,40.0774
0,52,14,0,0,40.0697
0,53,14,0,0,40.0629
0,54,14,0,0,40.0569
0,55,14,0,0,40.0518
0,56,14,0,0,40.0473
0,57,14,0,0,40.0435
0,58,14,0,0,40.0402
0,59,14,0,0,40.0375
0,60,14,0,0,40.0353
0,61,14,0,0,40.0336
0,62,14,0,0,40.0323
0,63,14,0,0,40.0315
0,0,15,0,0,49.3968
0,1,15,0,0,49.2386
0,2,15,0,0,49.0088
0,3,15,0,0,48.7157
0,4,15,0,0,48.3692
0,5,15,0,0,47.98
0,6,15,0,0,47.5593
0,7,15,0,0,47.1177
0,8,15,0,0,46.6648
0,9,15,0,0,46.2093
0,10,15,0,0,45.7586
0,11,15,0,0,45.3187
0,12,15,0,0,44.8941
0,13,15,0,0,44.4884
0,14,15,0,0,44.1041
0,15,15,0,0,43.7427
0,16,15,0,0,43.4049
0,17,15,0,0,43.091
0,18,15,0,0,42.8007
0,19,15,0,0,42.5333
0,20,15,0,0,42.2879
0,21,15,0,0,42.0634
0,22,15,0,0,41.8587
0,23,15,0,0,41.6725
0,24,15,0,0,41.5034
0,25,15,0,0,41.3502
0,26,15,0,0,41.2117
0,27,15,0,0,41.0866
0,28,15,0,0,40.9738
0,29,15,0,0,40.8722
0,30,15,0,0,40.7808
0,31,15,0,0,40.6987
0,32,15,0,0,40.6249
0,33,15,0,0,40.5588
0,34,15,0,0,40.4994
0,35,15,0,0,40.4463
0,36,15,0,0,40.3987
0,37,15,0,0,40.3561
0,38,15,0,0,40.3181
0,39,15,0,0,40.284
0,40,15,0,0,40.2536
0,41,15,0,0,40.2265
0,42,15,0,0,40.2023
0,43,15,0,0,40.1806
0,44,15,0,0,40.1614
0,45,15,0,0,40.1442
0,46,15,0,0,40.129
0,47,15,0,0,40.1154
0,48,15,0,0,40.1033
0,49,15,0,0,40.0926
0,50,15,0,0,40.0831
0,51,15,0,0,40.0747
0,52,15,0,0,40.0673
0,53,15,0,0,40.0608
0,54,15,0,0,40.0551
0,55,15,0,0,40.0501
0,56,15,0,0,40.0458
0,57,15,0,0,40.0421
0,58,15,0,0,40.039
0,59,15,0,0,40.0364
0,60,15,0,0,40.0343
0,61,15,0,0,40.0326
0,62,15,0,0,40.0314
0,63,15,0,0,40.0306
0,0,16,0,0,48.1782
0,1,16,0,0,48.0497
0,2,16,0,0,47.8625
0,3,16,0,0,47.6229
0,4,16,0,0,47.3384
0,5,16,0,0,47.0173
0,6,16,0,0,46.6682
0,7,16,0,0,46.2995
0,8,16,0,0,45.9191
0,9,16,0,0,45.534
0,10,16,0,0,45.1506
0,11,16,0,0,44.7739
0,12,16,0,0,44.4082
0,13,16,0,0,44.0567
0,14,16,0,0,43.7217
0,15,16,0,0,43.4049
0,16,16,0,0,43.1073
0,17,16,0,0,42.8293
0,18,16,0,0,42.571
0,19,16,0,0,42.3319
0,20,16,0,0,42.1116
0,21,16,0,0,41.9092
0,22,16,0,0,41.724
0,23,16,0,0,41.5548
0,24,16,0,0,41.4007
0,25,16,0,0,41.2606
0,26,16,0,0,41.1335
0,27,16,0,0,41.0184
0,28,16,0,0,40.9144
0,29,16,0,0,40.8204
0,30,16,0,0,40.7356
0,31,16,0,0,40.6593
0,32,16,0,0,40.5906
0,33,16,0,0,40.5288
0,34,16,0,0,40.4733
0,35,16,0,0,40.4235
0,36,16,0,0,40.3788
0,37,16,0,0,40.3388
0,38,16,0,0,40.3029
0,39,16,0,0,40.2708
0,40,16,0,0,40.2421
0,41,16,0,0,40.2164
0,42,16,0,0,40.1935
0,43,16,0,0,40.173
0,44,16,0,0,40.1547
0,45,16,0,0,40.1383
0,46,16,0,0,40.1238
0,47,16,0,0,40.1109
0,48,16,0,0,40.0993
0,49,16,0,0,40.0891
0,50,16,0,0,40.08
0,51,16,0,0,40.072
0,52,16,0,0,40.0649
0,53,16,0,0,40.0587
0,54,16,0,0,40.0532
0,55,16,0,0,40.0485
0,56,16,0,0,40.0443
0,57,16,0,0,40.0408
0,58,16,0,0,40.0378
0,59,16,0,0,40.0353
0,60,16,0,0,40.0332
0,61,16,0,0,40.0316
0,62,16,0,0,40.0305
0,63,16,0,0,40.0297
0,0,17,0,0,47.128
0,1,17,0,0,47.023
0,2,17,0,0,46.8698
0,3,17,0,0,46.673
0,4,17,0,0,46.4384
0,5,17,0,0,46.1725
0,6,17,0,0,45.8819
0,7,17,0,0,45.5734
0,8,17,0,0,45.2533
0,9,17,0,0,44.9276
0,10,17,0,0,44.6012
0,11,17,0,0,44.2788
0,12,17,0,0,43.964
0,13,17,0,0,43.6597
0,14,17,0,0,43.3682
0,15,17,0,0,43.091
0,16,17,0,0,42.8293
0,17,17,0,0,42.5837
0,18,17,0,0,42.3543
0,19,17,0,0,42.1412
0,20,17,0,0,41.9439
0,21,17,0,0,41.762
0,22,17,0,0,41.5948
0,23,17,0,0,41.4416
0,24,17,0,0,41.3015
0,25,17,0,0,41.1738
0,26,17,0,0,41.0576
0,27,17,0,0,40.952
0,28,17,0,0,40.8563
0,29,17,0,0,40.7696
0,30,17,0,0,40.6913
0,31,17,0,0,40.6205
0,32,17,0,0,40.5567
0,33,17,0,0,40.4992
0,34,17,0,0,40.4475
0,35,17,0,0,40.4009
0,36,17,0,0,40.3591
0,37,17,0,0,40.3216
0,38,17,0,0,40.2879
0,39,17,0,0,40.2576
0,40,17,0,0,40.2306
0,41,17,0,0,40.2063
0,42,17,0,0,40.1846
0,43,17,0,0,40.1652
0,44,17,0,0,40.1479
0,45,17,0,0,40.1324
0,46,17,0,0,40.1186
0,47,17,0,0,40.1063
0,48,17,0,0,40.0953
0,49,17,0,0,40.0856
0,50,17,0,0,40.077
0,51,17,0,0,40.0693
0,52,17,0,0,40.0625
0,53,17,0,0,40.0566
0,54,17,0,0,40.0513
0,55,17,0,0,40.0468
0,56,17,0,0,40.0428
0,57,17,0,0,40.0394
0,58,17,0,0,40.0365
0,59,17,0,0,40.0341
0,60,17,0,0,40.0322
0,61,17,0,0,40.0306
0,62,17,0,0,40.0295
0,63,17,0,0,40.0288
0,0,18,0,0,46.2207
0,1,18,0,0,46.1345
0,2,18,0,0,46.0085
0,3,18,0,0,45.8461
0,4,18,0,0,45.652
0,5,18,0,0,45.431
0,6,18,0,0,45.1885
0,7,18,0,0,44.9299
0,8,18,0,0,44.6601
0,9,18,0,0,44.3842
0,10,18,0,0,44.1063
0,11,18,0,0,43.8304
0,12,18,0,0,43.5595
0,13,18,0,0,43.2963
0,14,18,0,0,43.0428
0,15,18,0,0,42.8007
0,16,18,0,0,42.571
0,17,18,0,0,42.3543
0,18,18,0,0,42.1512
0,19,18,0,0,41.9616
0,20,18,0,0,41.7854
0,21,18,0,0,41.6222
0,22,18,0,0,41.4718
0,23,18,0,0,41.3334
0,24,18,0,0,41.2064
0,25,18,0,0,41.0903
0,26,18,0,0,40.9843
0,27,18,0,0,40.8878
0,28,18,0,0,40.8
0,29,18,0,0,40.7203
0,30,18,0,0,40.648
0,31,18,0,0,40.5827
0,32,18,0,0,40.5236
0,33,18,0,0,40.4702
0,34,18,0,0,40.422
0,35,18,0,0,40.3787
0,36,18,0,0,40.3396
0,37,18,0,0,40.3045
0,38,18,0,0,40.2729
0,39,18,0,0,40.2446
0,40,18,0,0,40.2191
0,41,18,0,0,40.1963
0,42,18,0,0,40.1758
0,43,18,0,0,40.1575
0,44,18,0,0,40.1411
0,45,18,0,0,40.1265
0,46,18,0,0,40.1134
0,47,18,0,0,40.1017
0,48,18,0,0,40.0913
0,49,18,0,0,40.0821
0,50,18,0,0,40.0738
0,51,18,0,0,40.0665
0,52,18,0,0,40.0601
0,53,18,0,0,40.0544
0,54,18,0,0,40.0494
0,55,18,0,0,40.0451
0,56,18,0,0,40.0413
0,57,18,0,0,40.038
0,58,18,0,0,40.0353
0,59,18,0,0,40.033
0,60,18,0,0,40.0311
0,61,18,0,0,40.0296
0,62,18,0,0,40.0285
0,63,18,0,0,40.0278
0,0,19,0,0,45.4353
0,1,19,0,0,45.3642
0,2,19,0,0,45.2601
0,3,19,0,0,45.1256
0,4,19,0,0,44.9644
0,5,19,0,0,44.7802
0,6,19,0,0,44.5773
0,7,19,0,0,44.3599
0,8,19,0,0,44.1323
0,9,19,0,0,43.8983
0,10,19,0,0,43.6616
0,11,19,0,0,43.4253
0,12,19,0,0,43.1922
0,13,19,0,0,42.9647
0,14,19,0,0,42.7446
0,15,19,0,0,42.5333
0,16,19,0,0,42.3319
0,17,19,0,0,42.1412
0,18,19,0,0,41.9616
0,19,19,0,0,41.7932
0,20,19,0,0,41.6362
0,21,19,0,0,41.4902
0,22,19,0,0,41.3551
0,23,19,0,0,41.2304
0,24,19,0,0,41.1157
0,25,19,0,0,41.0104
0,26,19,0,0,40.914
0,27,19,0,0,40.8259
0,28,19,0,0,40.7456
0,29,19,0,0,40.6725
0,30,19,0,0,40.6061
0,31,19,0,0,40.5458
0,32,19,0,0,40.4912
0,33,19,0,0,40.4418
0,34,19,0,0,40.3972
0,35,19,0,0,40.3568
0,36,19,0,0,40.3205
0,37,19,0,0,40.2877
0,38,19,0,0,40.2582
0,39,19,0,0,40.2316
0,40,19,0,0,40.2078
0,41,19,0,0,40.1863
0,42,19,0,0,40.1671
0,43,19,0,0,40.1499
0,44,19,0,0,40.1344
0,45,19,0,0,40.1206
0,46,19,0,0,40.1082
0,47,19,0,0,40.0972
0,48,19,0,0,40.0873
0,49,19,0,0,40.0785
0,50,19,0,0,40.0707
0,51,19,0,0,40.0638
0,52,19,0,0,40.0577
0,53,19,0,0,40.0522
0,54,19,0,0,40.0475
0,55,19,0,0,40.0433
0,56,19,0,0,40.0397
0,57,19,0,0,40.0366
0,58,19,0,0,40.034
0,59,19,0,0,40.0318
0,60,19,0,0,40.03
0,61,19,0,0,40.0286
0,62,19,0,0,40.0276
0,63,19,0,0,40.0269
0,0,20,0,0,44.7541
0,1,20,0,0,44.6952
0,2,20,0,0,44.6088
0,3,20,0,0,44.4971
0,4,20,0,0,44.3627
0,5,20,0,0,44.2088
0,6,20,0,0,44.0386
0,7,20,0,0,43.8556
0,8,20,0,0,43.6631
0,9,20,0,0,43.4645
0,10,20,0,0,43.2626
0,11,20,0,0,43.0603
0,12,20,0,0,42.8598
0,13,20,0,0,42.6632
0,14,20,0,0,42.4721
0,15,20,0,0,42.2879
0,16,20,0,0,42.1116
0,17,20,0,0,41.9439
0,18,20,0,0,41.7854
0,19,20,0,0,41.6362
0,20,20,0,0,41.4965
0,21,20,0,0,41.3662
0,22,20,0,0,41.2451
0,23,20,0,0,41.133
0,24,20,0,0,41.0295
0,25,20,0,0,40.9343
0,26,20,0,0,40.8468
0,27,20,0,0,40.7666
0,28,20,0,0,40.6934
0,29,20,0,0,40.6265
0,30,20,0,0,40.5656
0,31,20,0,0,40.5102
0,32,20,0,0,40.4599
0,33,20,0,0,40.4142
0,34,20,0,0,40.3729
0,35,20,0,0,40.3355
0,36,20,0,0,40.3017
0,37,20,0,0,40.2712
0,38,20,0,0,40.2437
0,39,20,0,0,40.2189
0,40,20,0,0,40.1966
0,41,20,0,0,40.1765
0,42,20,0,0,40.1585
0,43,20,0,0,40.1423
0,44,20,0,0,40.1277
0,45,20,0,0,40.1147
0,46,20,0,0,40.1031
0,47,20,0,0,40.0926
0,48,20,0,0,40.0833
0,49,20,0,0,40.075
0,50,20,0,0,40.0676
0,51,20,0,0,40.061
0,52,20,0,0,40.0552
0,53,20,0,0,40.0501
0,54,20,0,0,40.0456
0,55,20,0,0,40.0416
0,56,20,0,0,40.0382
0,57,20,0,0,40.0352
0,58,20,0,0,40.0327
0,59,20,0,0,40.0306
0,60,20,0,0,40.0289
0,61,20,0,0,40.0276
0,62,20,0,0,40.0266
0,63,20,0,0,40.0259
0,0,21,0,0,44.1622
0,1,21,0,0,44.1133
0,2,21,0,0,44.0414
0,3,21,0,0,43.9482
0,4,21,0,0,43.8359
0,5,21,0,0,43.7069
0,6,21,0,0,43.5638
0,7,21,0,0,43.4095
0,8,21,0,0,43.2465
0,9,21,0,0,43.0777
0,10,21,0,0,42.9054
0,11,21,0,0,42.732
0,12,21,0,0,42.5595
0,13,21,0,0,42.3897
0,14,21,0,0,42.2239
0,15,21,0,0,42.0634
0,16,21,0,0,41.9092
0,17,21,0,0,41.762
0,18,21,0,0,41.6222
0,19,21,0,0,41.4902
0,20,21,0,0,41.3662
0,21,21,0,0,41.2501
0,22,21,0,0,41.1418
0,23,21,0,0,41.0413
0,24,21,0,0,40.9481
0,25,21,0,0,40.8621
0,26,21,0,0,40.7829
0,27,21,0,0,40.7101
0,28,21,0,0,40.6434
0,29,21,0,0,40.5824
0,30,21,0,0,40.5267
0,31,21,0,0,40.4759
0,32,21,0,0,40.4296
0,33,21,0,0,40.3876
0,34,21,0,0,40.3494
0,35,21,0,0,40.3148
0,36,21,0,0,40.2835
0,37,21,0,0,40.2552
0,38,21,0,0,40.2296
0,39,21,0,0,40.2065
0,40,21,0,0,40.1857
0,41,21,0,0,40.1669
0,42,21,0,0,40.15
0,43,21,0,0,40.1348
0,44,21,0,0,40.1212
0,45,21,0,0,40.1089
0,46,21,0,0,40.098
0,47,21,0,0,40.0881
0,48,21,0,0,40.0793
0,49,21,0,0,40.0715
0,50,21,0,0,40.0645
0,51,21,0,0,40.0583
0,52,21,0,0,40.0528
0,53,21,0,0,40.0479
0,54,21,0,0,40.0436
0,55,21,0,0,40.0399
0,56,21,0,0,40.0366
0,57,21,0,0,40.0338
0,58,21,0,0,40.0314
0,59,21,0,0,40.0294
0,60,21,0,0,40.0278
0,61,21,0,0,40.0265
0,62,21,0,0,40.0256
0,63,21,0,0,40.025
0,0,22,0,0,43.6473
0,1,22,0,0,43.6065
0,2,22,0,0,43.5464
0,3,22,0,0,43.4685
0,4,22,0,0,43.3744
0,5,22,0,0,43.266
0,6,22,0,0,43.1454
0,7,22,0,0,43.015
0,8,22,0,0,42.8768
0,9,22,0,0,42.7331
0,10,22,0,0,42.586
0,11,22,0,0,42.4374
0,12,22,0,0,42.2889
0,13,22,0,0,42.1422
0,14,22,0,0,41.9984
0,15,22,0,0,41.8587
0,16,22,0,0,41.724
0,17,22,0,0,41.5948
0,18,22,0,0,41.4718
0,19,22,0,0,41.3551
0,20,22,0,0,41.2451
0,21,22,0,0,41.1418
0,22,22,0,0,41.0452
0,23,22,0,0,40.9551
0,24,22,0,0,40.8715
0,25,22,0,0,40.794
0,26,22,0,0,40.7224
0,27,22,0,0,40.6565
0,28,22,0,0,40.5959
0,29,22,0,0,40.5403
0,30,22,0,0,40.4894
0,31,22,0,0,40.443
0,32,22,0,0,40.4005
0,33,22,0,0,40.3619
0,34,22,0,0,40.3268
0,35,22,0,0,40.2948
0,36,22,0,0,40.2659
0,37,22,0,0,40.2396
0,38,22,0,0,40.2159
0,39,22,0,0,40.1944
0,40,22,0,0,40.175
0,41,22,0,0,40.1575
0,42,22,0,0,40.1417
0,43,22,0,0,40.1275
0,44,22,0,0,40.1147
0,45,22,0,0,40.1033
0,46,22,0,0,40.093
0,47,22,0,0,40.0837
0,48,22,0,0,40.0754
0,49,22,0,0,40.068
0,50,22,0,0,40.0614
0,51,22,0,0,40.0556
0,52,22,0,0,40.0504
0,53,22,0,0,40.0458
0,54,22,0,0,40.0417
0,55,22,0,0,40.0382
0,56,22,0,0,40.0351
0,57,22,0,0,40.0324
0,58,22,0,0,40.0301
0,59,22,0,0,40.0283
0,60,22,0,0,40.0267
0,61,22,0,0,40.0255
0,62,22,0,0,40.0246
0,63,22,0,0,40.024
0,0,23,0,0,43.1986
0,1,23,0,0,43.1645
0,2,23,0,0,43.1142
0,3,23,0,0,43.0488
0,4,23,0,0,42.9697
0,5,23,0,0,42.8785
0,6,23,0,0,42.7767
0,7,23,0,0,42.6662
0,8,23,0,0,42.5489
0,9,23,0,0,42.4265
0,10,23,0,0,42.3008
0,11,23,0,0,42.1733
0,12,23,0,0,42.0455
0,13,23,0,0,41.9187
0,14,23,0,0,41.794
0,15,23,0,0,41.6725
0,16,23,0,0,41.5548
0,17,23,0,0,41.4416
0,18,23,0,0,41.3334
0,19,23,0,0,41.2304
0,20,23,0,0,41.133
0,21,23,0,0,41.0413
0,22,23,0,0,40.9551
0,23,23,0,0,40.8746
0,24,23,0,0,40.7996
0,25,23,0,0,40.7299
0,26,23,0,0,40.6654
0,27,23,0,0,40.6058
0,28,23,0,0,40.5509
0,29,23,0,0,40.5003
0,30,23,0,0,40.454
0,31,23,0,0,40.4115
0,32,23,0,0,40.3727
0,33,23,0,0,40.3373
0,34,23,0,0,40.305
0,35,23,0,0,40.2756
0,36,23,0,0,40.2489
0,37,23,0,0,40.2246
0,38,23,0,0,40.2026
0,39,23,0,0,40.1827
0,40,23,0,0,40.1647
0,41,23,0,0,40.1484
0,42,23,0,0,40.1337
0,43,23,0,0,40.1204
0,44,23,0,0,40.1085
0,45,23,0,0,40.0977
0,46,23,0,0,40.088
0,47,23,0,0,40.0794
0,48,23,0,0,40.0716
0,49,23,0,0,40.0646
0,50,23,0,0,40.0584
0,51,23,0,0,40.0529
0,52,23,0,0,40.048
0,53,23,0,0,40.0436
0,54,23,0,0,40.0398
0,55,23,0,0,40.0365
0,56,23,0,0,40.0335
0,57,23,0,0,40.031
0,58,23,0,0,40.0289
0,59,23,0,0,40.0271
0,60,23,0,0,40.0256
0,61,23,0,0,40.0245
0,62,23,0,0,40.0236
0,63,23,0,0,40.023
0,0,24,0,0,42.8072
0,1,24,0,0,42.7786
0,2,24,0,0,42.7363
0,3,24,0,0,42.6814
0,4,24,0,0,42.6148
0,5,24,0,0,42.5378
0,6,24,0,0,42.4517
0,7,24,0,0,42.358
0,8,24,0,0,42.2582
0,9,24,0,0,42.1538
0,10,24,0,0,42.0463
0,11,24,0,0,41.9368
0,12,24,0,0,41.8268
0,13,24,0,0,41.7172
0,14,24,0,0,41.6092
0,15,24,0,0,41.5034
0,16,24,0,0,41.4007
0,17,24,0,0,41.3015
0,18,24,0,0,41.2064
0,19,24,0,0,41.1157
0,20,24,0,0,41.0295
0,21,24,0,0,40.9481
0,22,24,0,0,40.8715
0,23,24,0,0,40.7996
0,24,24,0,0,40.7325
0,25,24,0,0,40.6699
0,26,24,0,0,40.6118
0,27,24,0,0,40.558
0,28,24,0,0,40.5083
0,29,24,0,0,40.4625
0,30,24,0,0,40.4203
0,31,24,0,0,40.3816
0,32,24,0,0,40.3462
0,33,24,0,0,40.3138
0,34,24,0,0,40.2841
0,35,24,0,0,40.2571
0,36,24,0,0,40.2325
0,37,24,0,0,40.2101
0,38,24,0,0,40.1898
0,39,24,0,0,40.1714
0,40,24,0,0,40.1546
0,41,24,0,0,40.1395
0,42,24,0,0,40.1258
0,43,24,0,0,40.1135
0,44,24,0,0,40.1023
0,45,24,0,0,40.0923
0,46,24,0,0,40.0832
0,47,24,0,0,40.0751
0,48,24,0,0,40.0678
0,49,24,0,0,40.0613
0,50,24,0,0,40.0555
0,51,24,0,0,40.0503
0,52,24,0,0,40.0457
0,53,24,0,0,40.0416
0,54,24,0,0,40.0379
0,55,24,0,0,40.0348
0,56,24,0,0,40.032
0,57,24,0,0,40.0296
0,58,24,0,0,40.0276
0,59,24,0,0,40.0259
0,60,24,0,0,40.0245
0,61,24,0,0,40.0234
0,62,24,0,0,40.0226
0,63,24,0,0,40.0221
0,0,25,0,0,42.4654
0,1,25,0,0,42.4413
0,2,25,0,0,42.4058
0,3,25,0,0,42.3595
0,4,25,0,0,42.3032
0,5,25,0,0,42.2381
0,6,25,0,0,42.1651
0,7,25,0,0,42.0856
0,8,25,0,0,42.0006
0,9,25,0,0,41.9115
0,10,25,0,0,41.8194
0,11,25,0,0,41.7254
0,12,25,0,0,41.6306
0,13,25,0,0,41.5359
0,14,25,0,0,41.4422
0,15,25,0,0,41.3502
0,16,25,0,0,41.2606
0,17,25,0,0,41.1738
0,18,25,0,0,41.0903
0,19,25,0,0,41.0104
0,20,25,0,0,40.9343
0,21,25,0,0,40.8621
0,22,25,0,0,40.794
0,23,25,0,0,40.7299
0,24,25,0,0,40.6699
0,25,25,0,0,40.6139
0,26,25,0,0,40.5617
0,27,25,0,0,40.5132
0,28,25,0,0,40.4683
0,29,25,0,0,40.4268
0,30,25,0,0,40.3885
0,31,25,0,0,40.3533
0,32,25,0,0,40.321
0,33,25,0,0,40.2914
0,34,25,0,0,40.2642
0,35,25,0,0,40.2395
0,36,25,0,0,40.2168
0,37,25,0,0,40.1962
0,38,25,0,0,40.1775
0,39,25,0,0,40.1604
0,40,25,0,0,40.145
0,41,25,0,0,40.1309
0,42,25,0,0,40.1182
0,43,25,0,0,40.1068
0,44,25,0,0,40.0964
0,45,25,0,0,40.087
0,46,25,0,0,40.0786
0,47,25,0,0,40.071
0,48,25,0,0,40.0642
0,49,25,0,0,40.0581
0,50,25,0,0,40.0526
0,51,25,0,0,40.0477
0,52,25,0,0,40.0434
0,53,25,0,0,40.0395
0,54,25,0,0,40.0361
0,55,25,0,0,40.0331
0,56,25,0,0,40.0305
0,57,25,0,0,40.0283
0,58,25,0,0,40.0264
0,59,25,0,0,40.0248
0,60,25,0,0,40.0234
0,61,25,0,0,40.0224
0,62,25,0,0,40.0217
0,63,25,0,0,40.0211
0,0,26,0,0,42.1665
0,1,26,0,0,42.1463
0,2,26,0,0,42.1163
0,3,26,0,0,42.0772
0,4,26,0,0,42.0296
0,5,26,0,0,41.9744
0,6,26,0,0,41.9125
0,7,26,0,0,41.8448
0,8,26,0,0,41.7724
0,9,26,0,0,41.6962
0,10,26,0,0,41.6172
0,11,26,0,0,41.5365
0,12,26,0,0,41.4547
0,13,26,0,0,41.3729
0,14,26,0,0,41.2917
0,15,26,0,0,41.2117
0,16,26,0,0,41.1335
0,17,26,0,0,41.0576
0,18,26,0,0,40.9843
0,19,26,0,0,40.914
0,20,26,0,0,40.8468
0,21,26,0,0,40.7829
0,22,26,0,0,40.7224
0,23,26,0,0,40.6654
0,24,26,0,0,40.6118
0,25,26,0,0,40.5617
0,26,26,0,0,40.5148
0,27,26,0,0,40.4712
0,28,26,0,0,40.4307
0,29,26,0,0,40.3932
0,30,26,0,0,40.3585
0,31,26,0,0,40.3266
0,32,26,0,0,40.2971
0,33,26,0,0,40.2701
0,34,26,0,0,40.2453
0,35,26,0,0,40.2226
0,36,26,0,0,40.2019
0,37,26,0,0,40.183
0,38,26,0,0,40.1657
0,39,26,0,0,40.15
0,40,26,0,0,40.1357
0,41,26,0,0,40.1227
0,42,26,0,0,40.1109
0,43,26,0,0,40.1003
0,44,26,0,0,40.0906
0,45,26,0,0,40.0819
0,46,26,0,0,40.0741
0,47,26,0,0,40.067
0,48,26,0,0,40.0606
0,49,26,0,0,40.0549
0,50,26,0,0,40.0498
0,51,26,0,0,40.0452
0,52,26,0,0,40.0411
0,53,26,0,0,40.0375
0,54,26,0,0,40.0343
0,55,26,0,0,40.0315
0,56,26,0,0,40.0291
0,57,26,0,0,40.0269
0,58,26,0,0,40.0251
0,59,26,0,0,40.0236
0,60,26,0,0,40.0224
0,61,26,0,0,40.0214
0,62,26,0,0,40.0207
0,63,26,0,0,40.0202
0,0,27,0,0,41.9051
0,1,27,0,0,41.8879
0,2,27,0,0,41.8626
0,3,27,0,0,41.8295
0,4,27,0,0,41.7892
0,5,27,0,0,41.7423
0,6,27,0,0,41.6897
0,7,27,0,0,41.632
0,8,27,0,0,41.5702
0,9,27,0,0,41.505
0,10,27,0,0,41.4373
0,11,27,0,0,41.3678
0,12,27,0,0,41.2973
0,13,27,0,0,41.2266
0,14,27,0,0,41.1562
0,15,27,0,0,41.0866
0,16,27,0,0,41.0184
0,17,27,0,0,40.952
0,18,27,0,0,40.8878
0,19,27,0,0,40.8259
0,20,27,0,0,40.7666
0,21,27,0,0,40.7101
0,22,27,0,0,40.6565
0,23,27,0,0,40.6058
0,24,27,0,0,40.558
0,25,27,0,0,40.5132
0,26,27,0,0,40.4712
0,27,27,0,0,40.432
0,28,27,0,0,40.3955
0,29,27,0,0,40.3617
0,30,27,0,0,40.3303
0,31,27,0,0,40.3014
0,32,27,0,0,40.2746
0,33,27,0,0,40.25
0,34,27,0,0,40.2274
0,35,27,0,0,40.2067
0,36,27,0,0,40.1877
0,37,27,0,0,40.1703
0,38,27,0,0,40.1544
0,39,27,0,0,40.14
0,40,27,0,0,40.1268
0,41,27,0,0,40.1148
0,42,27,0,0,40.1039
0,43,27,0,0,40.094
0,44,27,0,0,40.0851
0,45,27,0,0,40.077
0,46,27,0,0,40.0697
0,47,27,0,0,40.0631
0,48,27,0,0,40.0572
0,49,27,0,0,40.0518
0,50,27,0,0,40.047
0,51,27,0,0,40.0428
0,52,27,0,0,40.0389
0,53,27,0,0,40.0355
0,54,27,0,0,40.0325
0,55,27,0,0,40.0299
0,56,27,0,0,40.0276
0,57,27,0,0,40.0256
0,58,27,0,0,40.0239
0,59,27,0,0,40.0225
0,60,27,0,0,40.0213
0,61,27,0,0,40.0204
0,62,27,0,0,40.0198
0,63,27,0,0,40.0193
0,0,28,0,0,41.6761
0,1,28,0,0,41.6616
0,2,28,0,0,41.6401
0,3,28,0,0,41.612
0,4,28,0,0,41.5778
0,5,28,0,0,41.538
0,6,28,0,0,41.4932
0,7,28,0,0,41.444
0,8,28,0,0,41.3911
0,9,28,0,0,41.3353
0,10,28,0,0,41.2771
0,11,28,0,0,41.2173
0,12,28,0,0,41.1566
0,13,28,0,0,41.0954
0,14,28,0,0,41.0343
0,15,28,0,0,40.9738
0,16,28,0,0,40.9144
0,17,28,0,0,40.8563
0,18,28,0,0,40.8
0,19,28,0,0,40.7456
0,20,28,0,0,40.6934
0,21,28,0,0,40.6434
0,22,28,0,0,40.5959
0,23,28,0,0,40.5509
0,24,28,0,0,40.5083
0,25,28,0,0,40.4683
0,26,28,0,0,40.4307
0,27,28,0,0,40.3955
0,28,28,0,0,40.3628
0,29,28,0,0,40.3322
0,30,28,0,0,40.3039
0,31,28,0,0,40.2777
0,32,28,0,0,40.2534
0,33,28,0,0,40.2311
0,34,28,0,0,40.2105
0,35,28,0,0,40.1916
0,36,28,0,0,40.1742
0,37,28,0,0,40.1583
0,38,28,0,0,40.1437
0,39,28,0,0,40.1304
0,40,28,0,0,40.1183
0,41,28,0,0,40.1072
0,42,28,0,0,40.0972
0,43,28,0,0,40.0881
0,44,28,0,0,40.0798
0,45,28,0,0,40.0723
0,46,28,0,0,40.0655
0,47,28,0,0,40.0594
0,48,28,0,0,40.0538
0,49,28,0,0,40.0488
0,50,28,0,0,40.0444
0,51,28,0,0,40.0404
0,52,28,0,0,40.0368
0,53,28,0,0,40.0336
0,54,28,0,0,40.0308
0,55,28,0,0,40.0284
0,56,28,0,0,40.0262
0,57,28,0,0,40.0243
0,58,28,0,0,40.0228
0,59,28,0,0,40.0214
0,60,28,0,0,40.0203
0,61,28,0,0,40.0195
0,62,28,0,0,40.0188
0,63,28,0,0,40.0184
0,0,29,0,0,41.4754
0,1,29,0,0,41.4631
0,2,29,0,0,41.4449
0,3,29,0,0,41.421
0,4,29,0,0,41.3919
0,5,29,0,0,41.358
0,6,29,0,0,41.3198
0,7,29,0,0,41.2778
0,8,29,0,0,41.2325
0,9,29,0,0,41.1847
0,10,29,0,0,41.1347
0,11,29,0,0,41.0832
0,12,29,0,0,41.0307
0,13,29,0,0,40.9778
0,14,29,0,0,40.9248
0,15,29,0,0,40.8722
0,16,29,0,0,40.8204
0,17,29,0,0,40.7696
0,18,29,0,0,40.7203
0,19,29,0,0,40.6725
0,20,29,0,0,40.6265
0,21,29,0,0,40.5824
0,22,29,0,0,40.5403
0,23,29,0,0,40.5003
0,24,29,0,0,40.4625
0,25,29,0,0,40.4268
0,26,29,0,0,40.3932
0,27,29,0,0,40.3617
0,28,29,0,0,40.3322
0,29,29,0,0,40.3048
0,30,29,0,0,40.2792
0,31,29,0,0,40.2555
0,32,29,0,0,40.2336
0,33,29,0,0,40.2133
0,34,29,0,0,40.1945
0,35,29,0,0,40.1773
0,36,29,0,0,40.1614
0,37,29,0,0,40.1469
0,38,29,0,0,40.1335
0,39,29,0,0,40.1213
0,40,29,0,0,40.1102
0,41,29,0,0,40.1
0,42,29,0,0,40.0908
0,43,29,0,0,40.0823
0,44,29,0,0,40.0747
0,45,29,0,0,40.0677
0,46,29,0,0,40.0614
0,47,29,0,0,40.0557
0,48,29,0,0,40.0506
0,49,29,0,0,40.046
0,50,29,0,0,40.0418
0,51,29,0,0,40.0381
0,52,29,0,0,40.0348
0,53,29,0,0,40.0318
0,54,29,0,0,40.0292
0,55,29,0,0,40.0269
0,56,29,0,0,40.0248
0,57,29,0,0,40.0231
0,58,29,0,0,40.0216
0,59,29,0,0,40.0204
0,60,29,0,0,40.0193
0,61,29,0,0,40.0185
0,62,29,0,0,40.0179
0,63,29,0,0,40.0175
0,0,30,0,0,41.2994
0,1,30,0,0,41.2889
0,2,30,0,0,41.2734
0,3,30,0,0,41.2531
0,4,30,0,0,41.2283
0,5,30,0,0,41.1994
0,6,30,0,0,41.1668
0,7,30,0,0,41.1309
0,8,30,0,0,41.0921
0,9,30,0,0,41.051
0,10,30,0,0,41.008
0,11,30,0,0,40.9637
0,12,30,0,0,40.9184
0,13,30,0,0,40.8725
0,14,30,0,0,40.8265
0,15,30,0,0,40.7808
0,16,30,0,0,40.7356
0,17,30,0,0,40.6913
0,18,30,0,0,40.648
0,19,30,0,0,40.6061
0,20,30,0,0,40.5656
0,21,30,0,0,40.5267
0,22,30,0,0,40.4894
0,23,30,0,0,40.454
0,24,30,0,0,40.4203
0,25,30,0,0,40.3885
0,26,30,0,0,40.3585
0,27,30,0,0,40.3303
0,28,30,0,0,40.3039
0,29,30,0,0,40.2792
0,30,30,0,0,40.2562
0,31,30,0,0,40.2348
0,32,30,0,0,40.2149
0,33,30,0,0,40.1965
0,34,30,0,0,40.1795
0,35,30,0,0,40.1638
0,36,30,0,0,40.1494
0,37,30,0,0,40.1361
0,38,30,0,0,40.1239
0,39,30,0,0,40.1127
0,40,30,0,0,40.1025
0,41,30,0,0,40.0932
0,42,30,0,0,40.0846
0,43,30,0,0,40.0769
0,44,30,0,0,40.0698
0,45,30,0,0,40.0634
0,46,30,0,0,40.0576
0,47,30,0,0,40.0523
0,48,30,0,0,40.0475
0,49,30,0,0,40.0432
0,50,30,0,0,40.0394
0,51,30,0,0,40.0359
0,52,30,0,0,40.0328
0,53,30,0,0,40.03
0,54,30,0,0,40.0276
0,55,30,0,0,40.0254
0,56,30,0,0,40.0235
0,57,30,0,0,40.0219
0,58,30,0,0,40.0205
0,59,30,0,0,40.0193
0,60,30,0,0,40.0184
0,61,30,0,0,40.0176
0,62,30,0,0,40.017
0,63,30,0,0,40.0167
0,0,31,0,0,41.1449
0,1,31,0,0,41.136
0,2,31,0,0,41.1228
0,3,31,0,0,41.1055
0,4,31,0,0,41.0843
0,5,31,0,0,41.0597
0,6,31,0,0,41.0317
0,7,31,0,0,41.001
0,8,31,0,0,40.9678
0,9,31,0,0,40.9324
0,10,31,0,0,40.8955
0,11,31,0,0,40.8572
0,12,31,0,0,40.818
0,13,31,0,0,40.7783
0,14,31,0,0,40.7385
0,15,31,0,0,40.6987
0,16,31,0,0,40.6593
0,17,31,0,0,40.6205
0,18,31,0,0,40.5827
0,19,31,0,0,40.5458
0,20,31,0,0,40.5102
0,21,31,0,0,40.4759
0,22,31,0,0,40.443
0,23,31,0,0,40.4115
0,24,31,0,0,40.3816
0,25,31,0,0,40.3533
0,26,31,0,0,40.3266
0,27,31,0,0,40.3014
0,28,31,0,0,40.2777
0,29,31,0,0,40.2555
0,30,31,0,0,40.2348
0,31,31,0,0,40.2155
0,32,31,0,0,40.1976
0,33,31,0,0,40.1809
0,34,31,0,0,40.1655
0,35,31,0,0,40.1512
0,36,31,0,0,40.1381
0,37,31,0,0,40.126
0,38,31,0,0,40.1148
0,39,31,0,0,40.1046
0,40,31,0,0,40.0952
0,41,31,0,0,40.0867
0,42,31,0,0,40.0788
0,43,31,0,0,40.0717
0,44,31,0,0,40.0652
0,45,31,0,0,40.0592
0,46,31,0,0,40.0539
0,47,31,0,0,40.049
0,48,31,0,0,40.0446
0,49,31,0,0,40.0406
0,50,31,0,0,40.037
0,51,31,0,0,40.0338
0,52,31,0,0,40.0309
0,53,31,0,0,40.0283
0,54,31,0,0,40.026
0,55,31,0,0,40.024
0,56,31,0,0,40.0222
0,57,31,0,0,40.0207
0,58,31,0,0,40.0194
0,59,31,0,0,40.0183
0,60,31,0,0,40.0174
0,61,31,0,0,40.0167
0,62,31,0,0,40.0162
0,63,31,0,0,40.0158
0,0,32,0,0,41.0092
0,1,32,0,0,41.0016
0,2,32,0,0,40.9903
0,3,32,0,0,40.9756
0,4,32,0,0,40.9575
0,5,32,0,0,40.9364
0,6,32,0,0,40.9125
0,7,32,0,0,40.8862
0,8,32,0,0,40.8576
0,9,32,0,0,40.8273
0,10,32,0,0,40.7954
0,11,32,0,0,40.7624
0,12,32,0,0,40.7285
0,13,32,0,0,40.6942
0,14,32,0,0,40.6595
0,15,32,0,0,40.6249
0,16,32,0,0,40.5906
0,17,32,0,0,40.5567
0,18,32,0,0,40.5236
0,19,32,0,0,40.4912
0,20,32,0,0,40.4599
0,21,32,0,0,40.4296
0,22,32,0,0,40.4005
0,23,32,0,0,40.3727
0,24,32,0,0,40.3462
0,25,32,0,0,40.321
0,26,32,0,0,40.2971
0,27,32,0,0,40.2746
0,28,32,0,0,40.2534
0,29,32,0,0,40.2336
0,30,32,0,0,40.2149
0,31,32,0,0,40.1976
0,32,32,0,0,40.1814
0,33,32,0,0,40.1663
0,34,32,0,0,40.1523
0,35,32,0,0,40.1394
0,36,32,0,0,40.1275
0,37,32,0,0,40.1164
0,38,32,0,0,40.1063
0,39,32,0,0,40.0969
0,40,32,0,0,40.0884
0,41,32,0,0,40.0805
0,42,32,0,0,40.0733
0,43,32,0,0,40.0667
0,44,32,0,0,40.0607
0,45,32,0,0,40.0553
0,46,32,0,0,40.0503
0,47,32,0,0,40.0458
0,48,32,0,0,40.0417
0,49,32,0,0,40.038
0,50,32,0,0,40.0347
0,51,32,0,0,40.0317
0,52,32,0,0,40.029
0,53,32,0,0,40.0266
0,54,32,0,0,40.0245
0,55,32,0,0,40.0226
0,56,32,0,0,40.021
0,57,32,0,0,40.0196
0,58,32,0,0,40.0184
0,59,32,0,0,40.0173
0,60,32,0,0,40.0165
0,61,32,0,0,40.0158
0,62,32,0,0,40.0153
0,63,32,0,0,40.015
0,0,33,0,0,40.89
0,1,33,0,0,40.8835
0,2,33,0,0,40.8739
0,3,33,0,0,40.8613
0,4,33,0,0,40.8458
0,5,33,0,0,40.8277
0,6,33,0,0,40.8073
0,7,33,0,0,40.7846
0,8,33,0,0,40.7601
0,9,33,0,0,40.734
0,10,33,0,0,40.7065
0,11,33,0,0,40.678
0,12,33,0,0,40.6487
0,13,33,0,0,40.6189
0,14,33,0,0,40.5889
0,15,33,0,0,40.5588
0,16,33,0,0,40.5288
0,17,33,0,0,40.4992
0,18,33,0,0,40.4702
0,19,33,0,0,40.4418
0,20,33,0,0,40.4142
0,21,33,0,0,40.3876
0,22,33,0,0,40.3619
0,23,33,0,0,40.3373
0,24,33,0,0,40.3138
0,25,33,0,0,40.2914
0,26,33,0,0,40.2701
0,27,33,0,0,40.25
0,28,33,0,0,40.2311
0,29,33,0,0,40.2133
0,30,33,0,0,40.1965
0,31,33,0,0,40.1809
0,32,33,0,0,40.1663
0,33,33,0,0,40.1527
0,34,33,0,0,40.1401
0,35,33,0,0,40.1284
0,36,33,0,0,40.1175
0,37,33,0,0,40.1075
0,38,33,0,0,40.0982
0,39,33,0,0,40.0897
0,40,33,0,0,40.0819
0,41,33,0,0,40.0747
0,42,33,0,0,40.0681
0,43,33,0,0,40.0621
0,44,33,0,0,40.0566
0,45,33,0,0,40.0515
0,46,33,0,0,40.047
0,47,33,0,0,40.0428
0,48,33,0,0,40.039
0,49,33,0,0,40.0356
0,50,33,0,0,40.0325
0,51,33,0,0,40.0298
0,52,33,0,0,40.0273
0,53,33,0,0,40.0251
0,54,33,0,0,40.0231
0,55,33,0,0,40.0213
0,56,33,0,0,40.0198
0,57,33,0,0,40.0185
0,58,33,0,0,40.0174
0,59,33,0,0,40.0164
0,60,33,0,0,40.0156
0,61,33,0,0,40.015
0,62,33,0,0,40.0145
0,63,33,0,0,40.0142
0,0,34,0,0,40.7851
0,1,34,0,0,40.7796
0,2,34,0,0,40.7714
0,3,34,0,0,40.7606
0,4,34,0,0,40.7474
0,5,34,0,0,40.7319
0,6,34,0,0,40.7143
0,7,34,0,0,40.6949
0,8,34,0,0,40.6738
0,9,34,0,0,40.6513
0,10,34,0,0,40.6276
0,11,34,0,0,40.603
0,12,34,0,0,40.5776
0,13,34,0,0,40.5518
0,14,34,0,0,40.5256
0,15,34,0,0,40.4994
0,16,34,0,0,40.4733
0,17,34,0,0,40.4475
0,18,34,0,0,40.422
0,19,34,0,0,40.3972
0,20,34,0,0,40.3729
0,21,34,0,0,40.3494
0,22,34,0,0,40.3268
0,23,34,0,0,40.305
0,24,34,0,0,40.2841
0,25,34,0,0,40.2642
0,26,34,0,0,40.2453
0,27,34,0,0,40.2274
0,28,34,0,0,40.2105
0,29,34,0,0,40.1945
0,30,34,0,0,40.1795
0,31,34,0,0,40.1655
0,32,34,0,0,40.1523
0,33,34,0,0,40.1401
0,34,34,0,0,40.1287
0,35,34,0,0,40.1181
0,36,34,0,0,40.1082
0,37,34,0,0,40.0991
0,38,34,0,0,40.0907
0,39,34,0,0,40.0829
0,40,34,0,0,40.0758
0,41,34,0,0,40.0692
0,42,34,0,0,40.0632
0,43,34,0,0,40.0577
0,44,34,0,0,40.0526
0,45,34,0,0,40.048
0,46,34,0,0,40.0438
0,47,34,0,0,40.0399
0,48,34,0,0,40.0365
0,49,34,0,0,40.0333
0,50,34,0,0,40.0305
0,51,34,0,0,40.0279
0,52,34,0,0,40.0256
0,53,34,0,0,40.0235
0,54,34,0,0,40.0217
0,55,34,0,0,40.0201
0,56,34,0,0,40.0187
0,57,34,0,0,40.0174
0,58,34,0,0,40.0164
0,59,34,0,0,40.0155
0,60,34,0,0,40.0148
0,61,34,0,0,40.0142
0,62,34,0,0,40.0138
0,63,34,0,0,40.0135
0,0,35,0,0,40.6929
0,1,35,0,0,40.6882
0,2,35,0,0,40.6812
0,3,35,0,0,40.6719
0,4,35,0,0,40.6606
0,5,35,0,0,40.6473
0,6,35,0,0,40.6322
0,7,35,0,0,40.6155
0,8,35,0,0,40.5973
0,9,35,0,0,40.5779
0,10,35,0,0,40.5575
0,11,35,0,0,40.5362
0,12,35,0,0,40.5142
0,13,35,0,0,40.4918
0,14,35,0,0,40.4691
0,15,35,0,0,40.4463
0,16,35,0,0,40.4235
0,17,35,0,0,40.4009
0,18,35,0,0,40.3787
0,19,35,0,0,40.3568
0,20,35,0,0,40.3355
0,21,35,0,0,40.3148
0,22,35,0,0,40.2948
0,23,35,0,0,40.2756
0,24,35,0,0,40.2571
0,25,35,0,0,40.2395
0,26,35,0,0,40.2226
0,27,35,0,0,40.2067
0,28,35,0,0,40.1916
0,29,35,0,0,40.1773
0,30,35,0,0,40.1638
0,31,35,0,0,40.1512
0,32,35,0,0,40.1394
0,33,35,0,0,40.1284
0,34,35,0,0,40.1181
0,35,35,0,0,40.1085
0,36,35,0,0,40.0996
0,37,35,0,0,40.0913
0,38,35,0,0,40.0837
0,39,35,0,0,40.0766
0,40,35,0,0,40.0701
0,41,35,0,0,40.0641
0,42,35,0,0,40.0586
0,43,35,0,0,40.0535
0,44,35,0,0,40.0489
0,45,35,0,0,40.0446
0,46,35,0,0,40.0408
0,47,35,0,0,40.0372
0,48,35,0,0,40.034
0,49,35,0,0,40.0311
0,50,35,0,0,40.0285
0,51,35,0,0,40.0261
0,52,35,0,0,40.024
0,53,35,0,0,40.0221
0,54,35,0,0,40.0204
0,55,35,0,0,40.0189
0,56,35,0,0,40.0176
0,57,35,0,0,40.0164
0,58,35,0,0,40.0154
0,59,35,0,0,40.0146
0,60,35,0,0,40.0139
0,61,35,0,0,40.0134
0,62,35,0,0,40.013
0,63,35,0,0,40.0127
0,0,36,0,0,40.6118
0,1,36,0,0,40.6077
0,2,36,0,0,40.6017
0,3,36,0,0,40.5938
0,4,36,0,0,40.584
0,5,36,0,0,40.5726
0,6,36,0,0,40.5596
0,7,36,0,0,40.5453
0,8,36,0,0,40.5296
0,9,36,0,0,40.5129
0,10,36,0,0,40.4952
0,11,36,0,0,40.4768
0,12,36,0,0,40.4578
0,13,36,0,0,40.4383
0,14,36,0,0,40.4186
0,15,36,0,0,40.3987
0,16,36,0,0,40.3788
0,17,36,0,0,40.3591
0,18,36,0,0,40.3396
0,19,36,0,0,40.3205
0,20,36,0,0,40.3017
0,21,36,0,0,40.2835
0,22,36,0,0,40.2659
0,23,36,0,0,40.2489
0,24,36,0,0,40.2325
0,25,36,0,0,40.2168
0,26,36,0,0,40.2019
0,27,36,0,0,40.1877
0,28,36,0,0,40.1742
0,29,36,0,0,40.1614
0,30,36,0,0,40.1494
0,31,36,0,0,40.1381
0,32,36,0,0,40.1275
0,33,36,0,0,40.1175
0,34,36,0,0,40.1082
0,35,36,0,0,40.0996
0,36,36,0,0,40.0915
0,37,36,0,0,40.084
0,38,36,0,0,40.0771
0,39,36,0,0,40.0707
0,40,36,0,0,40.0647
0,41,36,0,0,40.0593
0,42,36,0,0,40.0542
0,43,36,0,0,40.0496
0,44,36,0,0,40.0454
0,45,36,0,0,40.0415
0,46,36,0,0,40.0379
0,47,36,0,0,40.0347
0,48,36,0,0,40.0317
0,49,36,0,0,40.029
0,50,36,0,0,40.0266
0,51,36,0,0,40.0244
0,52,36,0,0,40.0225
0,53,36,0,0,40.0207
0,54,36,0,0,40.0191
0,55,36,0,0,40.0177
0,56,36,0,0,40.0165
0,57,36,0,0,40.0155
0,58,36,0,0,40.0146
0,59,36,0,0,40.0138
0,60,36,0,0,40.0132
0,61,36,0,0,40.0127
0,62,36,0,0,40.0123
0,63,36,0,0,40.012
0,0,37,0,0,40.5404
0,1,37,0,0,40.5369
0,2,37,0,0,40.5317
0,3,37,0,0,40.5249
0,4,37,0,0,40.5165
0,5,37,0,0,40.5067
0,6,37,0,0,40.4955
0,7,37,0,0,40.4832
0,8,37,0,0,40.4697
0,9,37,0,0,40.4552
0,10,37,0,0,40.4399
0,11,37,0,0,40.424
0,12,37,0,0,40.4075
0,13,37,0,0,40.3906
0,14,37,0,0,40.3734
0,15,37,0,0,40.3561
0,16,37,0,0,40.3388
0,17,37,0,0,40.3216
0,18,37,0,0,40.3045
0,19,37,0,0,40.2877
0,20,37,0,0,40.2712
0,21,37,0,0,40.2552
0,22,37,0,0,40.2396
0,23,37,0,0,40.2246
0,24,37,0,0,40.2101
0,25,37,0,0,40.1962
0,26,37,0,0,40.183
0,27,37,0,0,40.1703
0,28,37,0,0,40.1583
0,29,37,0,0,40.1469
0,30,37,0,0,40.1361
0,31,37,0,0,40.126
0,32,37,0,0,40.1164
0,33,37,0,0,40.1075
0,34,37,0,0,40.0991
0,35,37,0,0,40.0913
0,36,37,0,0,40.084
0,37,37,0,0,40.0772
0,38,37,0,0,40.0709
0,39,37,0,0,40.0651
0,40,37,0,0,40.0597
0,41,37,0,0,40.0547
0,42,37,0,0,40.0501
0,43,37,0,0,40.0459
0,44,37,0,0,40.042
0,45,37,0,0,40.0385
0,46,37,0,0,40.0352
0,47,37,0,0,40.0323
0,48,37,0,0,40.0295
0,49,37,0,0,40.0271
0,50,37,0,0,40.0249
0,51,37,0,0,40.0228
0,52,37,0,0,40.021
0,53,37,0,0,40.0194
0,54,37,0,0,40.0179
0,55,37,0,0,40.0167
0,56,37,0,0,40.0155
0,57,37,0,0,40.0145
0,58,37,0,0,40.0137
0,59,37,0,0,40.013
0,60,37,0,0,40.0124
0,61,37,0,0,40.0119
0,62,37,0,0,40.0116
0,63,37,0,0,40.0114
0,0,38,0,0,40.4775
0,1,38,0,0,40.4745
0,2,38,0,0,40.47
0,3,38,0,0,40.4642
0,4,38,0,0,40.457
0,5,38,0,0,40.4485
0,6,38,0,0,40.4389
0,7,38,0,0,40.4282
0,8,38,0,0,40.4166
0,9,38,0,0,40.4041
0,10,38,0,0,40.3909
0,11,38,0,0,40.377
0,12,38,0,0,40.3627
0,13,38,0,0,40.3481
0,14,38,0,0,40.3331
0,15,38,0,0,40.3181
0,16,38,0,0,40.3029
0,17,38,0,0,40.2879
0,18,38,0,0,40.2729
0,19,38,0,0,40.2582
0,20,38,0,0,40.2437
0,21,38,0,0,40.2296
0,22,38,0,0,40.2159
0,23,38,0,0,40.2026
0,24,38,0,0,40.1898
0,25,38,0,0,40.1775
0,26,38,0,0,40.1657
0,27,38,0,0,40.1544
0,28,38,0,0,40.1437
0,29,38,0,0,40.1335
0,30,38,0,0,40.1239
0,31,38,0,0,40.1148
0,32,38,0,0,40.1063
0,33,38,0,0,40.0982
0,34,38,0,0,40.0907
0,35,38,0,0,40.0837
0,36,38,0,0,40.0771
0,37,38,0,0,40.0709
0,38,38,0,0,40.0652
0,39,38,0,0,40.06
0,40,38,0,0,40.0551
0,41,38,0,0,40.0505
0,42,38,0,0,40.0463
0,43,38,0,0,40.0425
0,44,38,0,0,40.0389
0,45,38,0,0,40.0357
0,46,38,0,0,40.0327
0,47,38,0,0,40.03
0,48,38,0,0,40.0275
0,49,38,0,0,40.0252
0,50,38,0,0,40.0232
0,51,38,0,0,40.0213
0,52,38,0,0,40.0196
0,53,38,0,0,40.0181
0,54,38,0,0,40.0168
0,55,38,0,0,40.0156
0,56,38,0,0,40.0146
0,57,38,0,0,40.0137
0,58,38,0,0,40.0129
0,59,38,0,0,40.0122
0,60,38,0,0,40.0117
0,61,38,0,0,40.0112
0,62,38,0,0,40.0109
0,63,38,0,0,40.0107
0,0,39,0,0,40.422
0,1,39,0,0,40.4195
0,2,39,0,0,40.4156
0,3,39,0,0,40.4106
0,4,39,0,0,40.4044
0,5,39,0,0,40.3971
0,6,39,0,0,40.3888
0,7,39,0,0,40.3796
0,8,39,0,0,40.3695
0,9,39,0,0,40.3587
0,10,39,0,0,40.3473
0,11,39,0,0,40.3353
0,12,39,0,0,40.3229
0,13,39,0,0,40.3102
0,14,39,0,0,40.2972
0,15,39,0,0,40.284
0,16,39,0,0,40.2708
0,17,39,0,0,40.2576
0,18,39,0,0,40.2446
0,19,39,0,0,40.2316
0,20,39,0,0,40.2189
0,21,39,0,0,40.2065
0,22,39,0,0,40.1944
0,23,39,0,0,40.1827
0,24,39,0,0,40.1714
0,25,39,0,0,40.1604
0,26,39,0,0,40.15
0,27,39,0,0,40.14
0,28,39,0,0,40.1304
0,29,39,0,0,40.1213
0,30,39,0,0,40.1127
0,31,39,0,0,40.1046
0,32,39,0,0,40.0969
0,33,39,0,0,40.0897
0,34,39,0,0,40.0829
0,35,39,0,0,40.0766
0,36,39,0,0,40.0707
0,37,39,0,0,40.0651
0,38,39,0,0,40.06
0,39,39,0,0,40.0552
0,40,39,0,0,40.0507
0,41,39,0,0,40.0466
0,42,39,0,0,40.0428
0,43,39,0,0,40.0393
0,44,39,0,0,40.036
0,45,39,0,0,40.0331
0,46,39,0,0,40.0303
0,47,39,0,0,40.0278
0,48,39,0,0,40.0256
0,49,39,0,0,40.0235
0,50,39,0,0,40.0216
0,51,39,0,0,40.0199
0,52,39,0,0,40.0183
0,53,39,0,0,40.017
0,54,39,0,0,40.0157
0,55,39,0,0,40.0146
0,56,39,0,0,40.0137
0,57,39,0,0,40.0128
0,58,39,0,0,40.0121
0,59,39,0,0,40.0115
0,60,39,0,0,40.011
0,61,39,0,0,40.0106
0,62,39,0,0,40.0103
0,63,39,0,0,40.0101
0,0,40,0,0,40.3732
0,1,40,0,0,40.371
0,2,40,0,0,40.3677
0,3,40,0,0,40.3634
0,4,40,0,0,40.358
0,5,40,0,0,40.3517
0,6,40,0,0,40.3446
0,7,40,0,0,40.3366
0,8,40,0,0,40.3279
0,9,40,0,0,40.3186
0,10,40,0,0,40.3087
0,11,40,0,0,40.2983
0,12,40,0,0,40.2875
0,13,40,0,0,40.2764
0,14,40,0,0,40.2651
0,15,40,0,0,40.2536
0,16,40,0,0,40.2421
0,17,40,0,0,40.2306
0,18,40,0,0,40.2191
0,19,40,0,0,40.2078
0,20,40,0,0,40.1966
0,21,40,0,0,40.1857
0,22,40,0,0,40.175
0,23,40,0,0,40.1647
0,24,40,0,0,40.1546
0,25,40,0,0,40.145
0,26,40,0,0,40.1357
0,27,40,0,0,40.1268
0,28,40,0,0,40.1183
0,29,40,0,0,40.1102
0,30,40,0,0,40.1025
0,31,40,0,0,40.0952
0,32,40,0,0,40.0884
0,33,40,0,0,40.0819
0,34,40,0,0,40.0758
0,35,40,0,0,40.0701
0,36,40,0,0,40.0647
0,37,40,0,0,40.0597
0,38,40,0,0,40.0551
0,39,40,0,0,40.0507
0,40,40,0,0,40.0467
0,41,40,0,0,40.0429
0,42,40,0,0,40.0395
0,43,40,0,0,40.0363
0,44,40,0,0,40.0333
0,45,40,0,0,40.0306
0,46,40,0,0,40.0281
0,47,40,0,0,40.0258
0,48,40,0,0,40.0237
0,49,40,0,0,40.0218
0,50,40,0,0,40.0201
0,51,40,0,0,40.0185
0,52,40,0,0,40.0171
0,53,40,0,0,40.0158
0,54,40,0,0,40.0147
0,55,40,0,0,40.0137
0,56,40,0,0,40.0128
0,57,40,0,0,40.012
0,58,40,0,0,40.0114
0,59,40,0,0,40.0108
0,60,40,0,0,40.0103
0,61,40,0,0,40.01
0,62,40,0,0,40.0097
0,63,40,0,0,40.0095
0,0,41,0,0,40.3302
0,1,41,0,0,40.3283
0,2,41,0,0,40.3254
0,3,41,0,0,40.3217
0,4,41,0,0,40.3171
0,5,41,0,0,40.3116
0,6,41,0,0,40.3055
0,7,41,0,0,40.2986
0,8,41,0,0,40.291
0,9,41,0,0,40.283
0,10,41,0,0,40.2744
0,11,41,0,0,40.2653
0,12,41,0,0,40.256
0,13,41,0,0,40.2463
0,14,41,0,0,40.2365
0,15,41,0,0,40.2265
0,16,41,0,0,40.2164
0,17,41,0,0,40.2063
0,18,41,0,0,40.1963
0,19,41,0,0,40.1863
0,20,41,0,0,40.1765
0,21,41,0,0,40.1669
0,22,41,0,0,40.1575
0,23,41,0,0,40.1484
0,24,41,0,0,40.1395
0,25,41,0,0,40.1309
0,26,41,0,0,40.1227
0,27,41,0,0,40.1148
0,28,41,0,0,40.1072
0,29,41,0,0,40.1
0,30,41,0,0,40.0932
0,31,41,0,0,40.0867
0,32,41,0,0,40.0805
0,33,41,0,0,40.0747
0,34,41,0,0,40.0692
0,35,41,0,0,40.0641
0,36,41,0,0,40.0593
0,37,41,0,0,40.0547
0,38,41,0,0,40.0505
0,39,41,0,0,40.0466
0,40,41,0,0,40.0429
0,41,41,0,0,40.0395
0,42,41,0,0,40.0364
0,43,41,0,0,40.0335
0,44,41,0,0,40.0308
0,45,41,0,0,40.0283
0,46,41,0,0,40.026
0,47,41,0,0,40.024
0,48,41,0,0,40.022
0,49,41,0,0,40.0203
0,50,41,0,0,40.0187
0,51,41,0,0,40.0173
0,52,41,0,0,40.016
0,53,41,0,0,40.0148
0,54,41,0,0,40.0137
0,55,41,0,0,40.0128
0,56,41,0,0,40.012
0,57,41,0,0,40.0113
0,58,41,0,0,40.0107
0,59,41,0,0,40.0101
0,60,41,0,0,40.0097
0,61,41,0,0,40.0094
0,62,41,0,0,40.0091
0,63,41,0,0,40.009
0,0,42,0,0,40.2922
0,1,42,0,0,40.2906
0,2,42,0,0,40.2881
0,3,42,0,0,40.2849
0,4,42,0,0,40.2809
0,5,42,0,0,40.2762
0,6,42,0,0,40.2709
0,7,42,0,0,40.2649
0,8,42,0,0,40.2584
0,9,42,0,0,40.2514
0,10,42,0,0,40.2439
0,11,42,0,0,40.2361
0,12,42,0,0,40.228
0,13,42,0,0,40.2196
0,14,42,0,0,40.211
0,15,42,0,0,40.2023
0,16,42,0,0,40.1935
0,17,42,0,0,40.1846
0,18,42,0,0,40.1758
0,19,42,0,0,40.1671
0,20,42,0,0,40.1585
0,21,42,0,0,40.15
0,22,42,0,0,40.1417
0,23,42,0,0,40.1337
0,24,42,0,0,40.1258
0,25,42,0,0,40.1182
0,26,42,0,0,40.1109
0,27,42,0,0,40.1039
0,28,42,0,0,40.0972
0,29,42,0,0,40.0908
0,30,42,0,0,40.0846
0,31,42,0,0,40.0788
0,32,42,0,0,40.0733
0,33,42,0,0,40.0681
0,34,42,0,0,40.0632
0,35,42,0,0,40.0586
0,36,42,0,0,40.0542
0,37,42,0,0,40.0501
0,38,42,0,0,40.0463
0,39,42,0,0,40.0428
0,40,42,0,0,40.0395
0,41,42,0,0,40.0364
0,42,42,0,0,40.0335
0,43,42,0,0,40.0309
0,44,42,0,0,40.0284
0,45,42,0,0,40.0262
0,46,42,0,0,40.0241
0,47,42,0,0,40.0222
0,48,42,0,0,40.0205
0,49,42,0,0,40.0189
0,50,42,0,0,40.0174
0,51,42,0,0,40.0161
0,52,42,0,0,40.0149
0,53,42,0,0,40.0138
0,54,42,0,0,40.0128
0,55,42,0,0,40.012
0,56,42,0,0,40.0112
0,57,42,0,0,40.0106
0,58,42,0,0,40.01
0,59,42,0,0,40.0095
0,60,42,0,0,40.0091
0,61,42,0,0,40.0088
0,62,42,0,0,40.0086
0,63,42,0,0,40.0084
0,0,43,0,0,40.2588
0,1,43,0,0,40.2573
0,2,43,0,0,40.2552
0,3,43,0,0,40.2524
0,4,43,0,0,40.249
0,5,43,0,0,40.2449
0,6,43,0,0,40.2403
0,7,43,0,0,40.2352
0,8,43,0,0,40.2295
0,9,43,0,0,40.2234
0,10,43,0,0,40.217
0,11,43,0,0,40.2102
0,12,43,0,0,40.2031
0,13,43,0,0,40.1958
0,14,43,0,0,40.1883
0,15,43,0,0,40.1806
0,16,43,0,0,40.173
0,17,43,0,0,40.1652
0,18,43,0,0,40.1575
0,19,43,0,0,40.1499
0,20,43,0,0,40.1423
0,21,43,0,0,40.1348
0,22,43,0,0,40.1275
0,23,43,0,0,40.1204
0,24,43,0,0,40.1135
0,25,43,0,0,40.1068
0,26,43,0,0,40.1003
0,27,43,0,0,40.094
0,28,43,0,0,40.0881
0,29,43,0,0,40.0823
0,30,43,0,0,40.0769
0,31,43,0,0,40.0717
0,32,43,0,0,40.0667
0,33,43,0,0,40.0621
0,34,43,0,0,40.0577
0,35,43,0,0,40.0535
0,36,43,0,0,40.0496
0,37,43,0,0,40.0459
0,38,43,0,0,40.0425
0,39,43,0,0,40.0393
0,40,43,0,0,40.0363
0,41,43,0,0,40.0335
0,42,43,0,0,40.0309
0,43,43,0,0,40.0285
0,44,43,0,0,40.0263
0,45,43,0,0,40.0242
0,46,43,0,0,40.0223
0,47,43,0,0,40.0206
0,48,43,0,0,40.019
0,49,43,0,0,40.0175
0,50,43,0,0,40.0162
0,51,43,0,0,40.015
0,52,43,0,0,40.0139
0,53,43,0,0,40.0129
0,54,43,0,0,40.012
0,55,43,0,0,40.0112
0,56,43,0,0,40.0105
0,57,43,0,0,40.0099
0,58,43,0,0,40.0094
0,59,43,0,0,40.0089
0,60,43,0,0,40.0086
0,61,43,0,0,40.0083
0,62,43,0,0,40.0081
0,63,43,0,0,40.0079
0,0,44,0,0,40.2293
0,1,44,0,0,40.228
0,2,44,0,0,40.2262
0,3,44,0,0,40.2238
0,4,44,0,0,40.2208
0,5,44,0,0,40.2173
0,6,44,0,0,40.2133
0,7,44,0,0,40.2088
0,8,44,0,0,40.2039
0,9,44,0,0,40.1987
0,10,44,0,0,40.193
0,11,44,0,0,40.1871
0,12,44,0,0,40.1809
0,13,44,0,0,40.1746
0,14,44,0,0,40.168
0,15,44,0,0,40.1614
0,16,44,0,0,40.1547
0,17,44,0,0,40.1479
0,18,44,0,0,40.1411
0,19,44,0,0,40.1344
0,20,44,0,0,40.1277
0,21,44,0,0,40.1212
0,22,44,0,0,40.1147
0,23,44,0,0,40.1085
0,24,44,0,0,40.1023
0,25,44,0,0,40.0964
0,26,44,0,0,40.0906
0,27,44,0,0,40.0851
0,28,44,0,0,40.0798
0,29,44,0,0,40.0747
0,30,44,0,0,40.0698
0,31,44,0,0,40.0652
0,32,44,0,0,40.0607
0,33,44,0,0,40.0566
0,34,44,0,0,40.0526
0,35,44,0,0,40.0489
0,36,44,0,0,40.0454
0,37,44,0,0,40.042
0,38,44,0,0,40.0389
0,39,44,0,0,40.036
0,40,44,0,0,40.0333
0,41,44,0,0,40.0308
0,42,44,0,0,40.0284
0,43,44,0,0,40.0263
0,44,44,0,0,40.0242
0,45,44,0,0,40.0224
0,46,44,0,0,40.0206
0,47,44,0,0,40.019
0,48,44,0,0,40.0176
0,49,44,0,0,40.0163
0,50,44,0,0,40.015
0,51,44,0,0,40.0139
0,52,44,0,0,40.0129
0,53,44,0,0,40.012
0,54,44,0,0,40.0112
0,55,44,0,0,40.0105
0,56,44,0,0,40.0098
0,57,44,0,0,40.0093
0,58,44,0,0,40.0088
0,59,44,0,0,40.0084
0,60,44,0,0,40.008
0,61,44,0,0,40.0078
0,62,44,0,0,40.0076
0,63,44,0,0,40.0074
0,0,45,0,0,40.2033
0,1,45,0,0,40.2022
0,2,45,0,0,40.2006
0,3,45,0,0,40.1985
0,4,45,0,0,40.196
0,5,45,0,0,40.1929
0,6,45,0,0,40.1894
0,7,45,0,0,40.1856
0,8,45,0,0,40.1813
0,9,45,0,0,40.1767
0,10,45,0,0,40.1718
0,11,45,0,0,40.1667
0,12,45,0,0,40.1613
0,13,45,0,0,40.1557
0,14,45,0,0,40.15
0,15,45,0,0,40.1442
0,16,45,0,0,40.1383
0,17,45,0,0,40.1324
0,18,45,0,0,40.1265
0,19,45,0,0,40.1206
0,20,45,0,0,40.1147
0,21,45,0,0,40.1089
0,22,45,0,0,40.1033
0,23,45,0,0,40.0977
0,24,45,0,0,40.0923
0,25,45,0,0,40.087
0,26,45,0,0,40.0819
0,27,45,0,0,40.077
0,28,45,0,0,40.0723
0,29,45,0,0,40.0677
0,30,45,0,0,40.0634
0,31,45,0,0,40.0592
0,32,45,0,0,40.0553
0,33,45,0,0,40.0515
0,34,45,0,0,40.048
0,35,45,0,0,40.0446
0,36,45,0,0,40.0415
0,37,45,0,0,40.0385
0,38,45,0,0,40.0357
0,39,45,0,0,40.0331
0,40,45,0,0,40.0306
0,41,45,0,0,40.0283
0,42,45,0,0,40.0262
0,43,45,0,0,40.0242
0,44,45,0,0,40.0224
0,45,45,0,0,40.0207
0,46,45,0,0,40.0191
0,47,45,0,0,40.0176
0,48,45,0,0,40.0163
0,49,45,0,0,40.0151
0,50,45,0,0,40.014
0,51,45,0,0,40.0129
0,52,45,0,0,40.012
0,53,45,0,0,40.0112
0,54,45,0,0,40.0104
0,55,45,0,0,40.0098
0,56,45,0,0,40.0092
0,57,45,0,0,40.0087
0,58,45,0,0,40.0082
0,59,45,0,0,40.0079
0,60,45,0,0,40.0075
0,61,45,0,0,40.0073
0,62,45,0,0,40.0071
0,63,45,0,0,40.007
0,0,46,0,0,40.1803
0,1,46,0,0,40.1794
0,2,46,0,0,40.1781
0,3,46,0,0,40.1762
0,4,46,0,0,40.174
0,5,46,0,0,40.1714
0,6,46,0,0,40.1684
0,7,46,0,0,40.165
0,8,46,0,0,40.1613
0,9,46,0,0,40.1573
0,10,46,0,0,40.153
0,11,46,0,0,40.1486
0,12,46,0,0,40.1439
0,13,46,0,0,40.139
0,14,46,0,0,40.134
0,15,46,0,0,40.129
0,16,46,0,0,40.1238
0,17,46,0,0,40.1186
0,18,46,0,0,40.1134
0,19,46,0,0,40.1082
0,20,46,0,0,40.1031
0,21,46,0,0,40.098
0,22,46,0,0,40.093
0,23,46,0,0,40.088
0,24,46,0,0,40.0832
0,25,46,0,0,40.0786
0,26,46,0,0,40.0741
0,27,46,0,0,40.0697
0,28,46,0,0,40.0655
0,29,46,0,0,40.0614
0,30,46,0,0,40.0576
0,31,46,0,0,40.0539
0,32,46,0,0,40.0503
0,33,46,0,0,40.047
0,34,46,0,0,40.0438
0,35,46,0,0,40.0408
0,36,46,0,0,40.0379
0,37,46,0,0,40.0352
0,38,46,0,0,40.0327
0,39,46,0,0,40.0303
0,40,46,0,0,40.0281
0,41,46,0,0,40.026
0,42,46,0,0,40.0241
0,43,46,0,0,40.0223
0,44,46,0,0,40.0206
0,45,46,0,0,40.0191
0,46,46,0,0,40.0177
0,47,46,0,0,40.0163
0,48,46,0,0,40.0151
0,49,46,0,0,40.014
0,50,46,0,0,40.013
0,51,46,0,0,40.012
0,52,46,0,0,40.0112
0,53,46,0,0,40.0104
0,54,46,0,0,40.0097
0,55,46,0,0,40.0091
0,56,46,0,0,40.0086
0,57,46,0,0,40.0081
0,58,46,0,0,40.0077
0,59,46,0,0,40.0074
0,60,46,0,0,40.0071
0,61,46,0,0,40.0069
0,62,46,0,0,40.0067
0,63,46,0,0,40.0066
0,0,47,0,0,40.1602
0,1,47,0,0,40.1594
0,2,47,0,0,40.1582
0,3,47,0,0,40.1566
0,4,47,0,0,40.1547
0,5,47,0,0,40.1524
0,6,47,0,0,40.1497
0,7,47,0,0,40.1468
0,8,47,0,0,40.1436
0,9,47,0,0,40.1401
0,10,47,0,0,40.1364
0,11,47,0,0,40.1325
0,12,47,0,0,40.1284
0,13,47,0,0,40.1242
0,14,47,0,0,40.1198
0,15,47,0,0,40.1154
0,16,47,0,0,40.1109
0,17,47,0,0,40.1063
0,18,47,0,0,40.1017
0,19,47,0,0,40.0972
0,20,47,0,0,40.0926
0,21,47,0,0,40.0881
0,22,47,0,0,40.0837
0,23,47,0,0,40.0794
0,24,47,0,0,40.0751
0,25,47,0,0,40.071
0,26,47,0,0,40.067
0,27,47,0,0,40.0631
0,28,47,0,0,40.0594
0,29,47,0,0,40.0557
0,30,47,0,0,40.0523
0,31,47,0,0,40.049
0,32,47,0,0,40.0458
0,33,47,0,0,40.0428
0,34,47,0,0,40.0399
0,35,47,0,0,40.0372
0,36,47,0,0,40.0347
0,37,47,0,0,40.0323
0,38,47,0,0,40.03
0,39,47,0,0,40.0278
0,40,47,0,0,40.0258
0,41,47,0,0,40.024
0,42,47,0,0,40.0222
0,43,47,0,0,40.0206
0,44,47,0,0,40.019
0,45,47,0,0,40.0176
0,46,47,0,0,40.0163
0,47,47,0,0,40.0151
0,48,47,0,0,40.014
0,49,47,0,0,40.013
0,50,47,0,0,40.0121
0,51,47,0,0,40.0112
0,52,47,0,0,40.0104
0,53,47,0,0,40.0097
0,54,47,0,0,40.0091
0,55,47,0,0,40.0085
0,56,47,0,0,40.008
0,57,47,0,0,40.0076
0,58,47,0,0,40.0072
0,59,47,0,0,40.0069
0,60,47,0,0,40.0067
0,61,47,0,0,40.0064
0,62,47,0,0,40.0063
0,63,47,0,0,40.0062
0,0,48,0,0,40.1424
0,1,48,0,0,40.1417
0,2,48,0,0,40.1406
0,3,48,0,0,40.1393
0,4,48,0,0,40.1376
0,5,48,0,0,40.1356
0,6,48,0,0,40.1333
0,7,48,0,0,40.1308
0,8,48,0,0,40.128
0,9,48,0,0,40.1249
0,10,48,0,0,40.1217
0,11,48,0,0,40.1183
0,12,48,0,0,40.1147
0,13,48,0,0,40.111
0,14,48,0,0,40.1072
0,15,48,0,0,40.1033
0,16,48,0,0,40.0993
0,17,48,0,0,40.0953
0,18,48,0,0,40.0913
0,19,48,0,0,40.0873
0,20,48,0,0,40.0833
0,21,48,0,0,40.0793
0,22,48,0,0,40.0754
0,23,48,0,0,40.0716
0,24,48,0,0,40.0678
0,25,48,0,0,40.0642
0,26,48,0,0,40.0606
0,27,48,0,0,40.0572
0,28,48,0,0,40.0538
0,29,48,0,0,40.0506
0,30,48,0,0,40.0475
0,31,48,0,0,40.0446
0,32,48,0,0,40.0417
0,33,48,0,0,40.039
0,34,48,0,0,40.0365
0,35,48,0,0,40.034
0,36,48,0,0,40.0317
0,37,48,0,0,40.0295
0,38,48,0,0,40.0275
0,39,48,0,0,40.0256
0,40,48,0,0,40.0237
0,41,48,0,0,40.022
0,42,48,0,0,40.0205
0,43,48,0,0,40.019
0,44,48,0,0,40.0176
0,45,48,0,0,40.0163
0,46,48,0,0,40.0151
0,47,48,0,0,40.014
0,48,48,0,0,40.013
0,49,48,0,0,40.0121
0,50,48,0,0,40.0112
0,51,48,0,0,40.0104
0,52,48,0,0,40.0097
0,53,48,0,0,40.0091
0,54,48,0,0,40.0085
0,55,48,0,0,40.008
0,56,48,0,0,40.0075
0,57,48,0,0,40.0071
0,58,48,0,0,40.0068
0,59,48,0,0,40.0065
0,60,48,0,0,40.0062
0,61,48,0,0,40.0061
0,62,48,0,0,40.0059
0,63,48,0,0,40.0058
0,0,49,0,0,40.1267
0,1,49,0,0,40.1261
0,2,49,0,0,40.1252
0,3,49,0,0,40.124
0,4,49,0,0,40.1226
0,5,49,0,0,40.1208
0,6,49,0,0,40.1188
0,7,49,0,0,40.1166
0,8,49,0,0,40.1142
0,9,49,0,0,40.1115
0,10,49,0,0,40.1087
0,11,49,0,0,40.1057
0,12,49,0,0,40.1026
0,13,49,0,0,40.0994
0,14,49,0,0,40.096
0,15,49,0,0,40.0926
0,16,49,0,0,40.0891
0,17,49,0,0,40.0856
0,18,49,0,0,40.0821
0,19,49,0,0,40.0785
0,20,49,0,0,40.075
0,21,49,0,0,40.0715
0,22,49,0,0,40.068
0,23,49,0,0,40.0646
0,24,49,0,0,40.0613
0,25,49,0,0,40.0581
0,26,49,0,0,40.0549
0,27,49,0,0,40.0518
0,28,49,0,0,40.0488
0,29,49,0,0,40.046
0,30,49,0,0,40.0432
0,31,49,0,0,40.0406
0,32,49,0,0,40.038
0,33,49,0,0,40.0356
0,34,49,0,0,40.0333
0,35,49,0,0,40.0311
0,36,49,0,0,40.029
0,37,49,0,0,40.0271
0,38,49,0,0,40.0252
0,39,49,0,0,40.0235
0,40,49,0,0,40.0218
0,41,49,0,0,40.0203
0,42,49,0,0,40.0189
0,43,49,0,0,40.0175
0,44,49,0,0,40.0163
0,45,49,0,0,40.0151
0,46,49,0,0,40.014
0,47,49,0,0,40.013
0,48,49,0,0,40.0121
0,49,49,0,0,40.0112
0,50,49,0,0,40.0104
0,51,49,0,0,40.0097
0,52,49,0,0,40.0091
0,53,49,0,0,40.0085
0,54,49,0,0,40.0079
0,55,49,0,0,40.0075
0,56,49,0,0,40.0071
0,57,49,0,0,40.0067
0,58,49,0,0,40.0064
0,59,49,0,0,40.0061
0,60,49,0,0,40.0059
0,61,49,0,0,40.0057
0,62,49,0,0,40.0056
0,63,49,0,0,40.0055
0,0,50,0,0,40.113
0,1,50,0,0,40.1124
0,2,50,0,0,40.1117
0,3,50,0,0,40.1106
0,4,50,0,0,40.1093
0,5,50,0,0,40.1078
0,6,50,0,0,40.1061
0,7,50,0,0,40.1042
0,8,50,0,0,40.102
0,9,50,0,0,40.0997
0,10,50,0,0,40.0972
0,11,50,0,0,40.0946
0,12,50,0,0,40.0919
0,13,50,0,0,40.089
0,14,50,0,0,40.0861
0,15,50,0,0,40.0831
0,16,50,0,0,40.08
0,17,50,0,0,40.077
0,18,50,0,0,40.0738
0,19,50,0,0,40.0707
0,20,50,0,0,40.0676
0,21,50,0,0,40.0645
0,22,50,0,0,40.0614
0,23,50,0,0,40.0584
0,24,50,0,0,40.0555
0,25,50,0,0,40.0526
0,26,50,0,0,40.0498
0,27,50,0,0,40.047
0,28,50,0,0,40.0444
0,29,50,0,0,40.0418
0,30,50,0,0,40.0394
0,31,50,0,0,40.037
0,32,50,0,0,40.0347
0,33,50,0,0,40.0325
0,34,50,0,0,40.0305
0,35,50,0,0,40.0285
0,36,50,0,0,40.0266
0,37,50,0,0,40.0249
0,38,50,0,0,40.0232
0,39,50,0,0,40.0216
0,40,50,0,0,40.0201
0,41,50,0,0,40.0187
0,42,50,0,0,40.0174
0,43,50,0,0,40.0162
0,44,50,0,0,40.015
0,45,50,0,0,40.014
0,46,50,0,0,40.013
0,47,50,0,0,40.0121
0,48,50,0,0,40.0112
0,49,50,0,0,40.0104
0,50,50,0,0,40.0097
0,51,50,0,0,40.0091
0,52,50,0,0,40.0085
0,53,50,0,0,40.0079
0,54,50,0,0,40.0074
0,55,50,0,0,40.007
0,56,50,0,0,40.0066
0,57,50,0,0,40.0063
0,58,50,0,0,40.006
0,59,50,0,0,40.0057
0,60,50,0,0,40.0055
0,61,50,0,0,40.0054
0,62,50,0,0,40.0052
0,63,50,0,0,40.0052
0,0,51,0,0,40.1009
0,1,51,0,0,40.1004
0,2,51,0,0,40.0997
0,3,51,0,0,40.0988
0,4,51,0,0,40.0977
0,5,51,0,0,40.0964
0,6,51,0,0,40.0949
0,7,51,0,0,40.0932
0,8,51,0,0,40.0913
0,9,51,0,0,40.0893
0,10,51,0,0,40.0871
0,11,51,0,0,40.0848
0,12,51,0,0,40.0824
0,13,51,0,0,40.0799
0,14,51,0,0,40.0774
0,15,51,0,0,40.0747
0,16,51,0,0,40.072
0,17,51,0,0,40.0693
0,18,51,0,0,40.0665
0,19,51,0,0,40.0638
0,20,51,0,0,40.061
0,21,51,0,0,40.0583
0,22,51,0,0,40.0556
0,23,51,0,0,40.0529
0,24,51,0,0,40.0503
0,25,51,0,0,40.0477
0,26,51,0,0,40.0452
0,27,51,0,0,40.0428
0,28,51,0,0,40.0404
0,29,51,0,0,40.0381
0,30,51,0,0,40.0359
0,31,51,0,0,40.0338
0,32,51,0,0,40.0317
0,33,51,0,0,40.0298
0,34,51,0,0,40.0279
0,35,51,0,0,40.0261
0,36,51,0,0,40.0244
0,37,51,0,0,40.0228
0,38,51,0,0,40.0213
0,39,51,0,0,40.0199
0,40,51,0,0,40.0185
0,41,51,0,0,40.0173
0,42,51,0,0,40.0161
0,43,51,0,0,40.015
0,44,51,0,0,40.0139
0,45,51,0,0,40.0129
0,46,51,0,0,40.012
0,47,51,0,0,40.0112
0,48,51,0,0,40.0104
0,49,51,0,0,40.0097
0,50,51,0,0,40.0091
0,51,51,0,0,40.0085
0,52,51,0,0,40.0079
0,53,51,0,0,40.0074
0,54,51,0,0,40.007
0,55,51,0,0,40.0066
0,56,51,0,0,40.0062
0,57,51,0,0,40.0059
0,58,51,0,0,40.0056
0,59,51,0,0,40.0054
0,60,51,0,0,40.0052
0,61,51,0,0,40.0051
0,62,51,0,0,40.0049
0,63,51,0,0,40.0049
0,0,52,0,0,40.0903
0,1,52,0,0,40.0899
0,2,52,0,0,40.0893
0,3,52,0,0,40.0885
0,4,52,0,0,40.0875
0,5,52,0,0,40.0864
0,6,52,0,0,40.0851
0,7,52,0,0,40.0836
0,8,52,0,0,40.0819
0,9,52,0,0,40.0802
0,10,52,0,0,40.0783
0,11,52,0,0,40.0762
0,12,52,0,0,40.0741
0,13,52,0,0,40.0719
0,14,52,0,0,40.0697
0,15,52,0,0,40.0673
0,16,52,0,0,40.0649
0,17,52,0,0,40.0625
0,18,52,0,0,40.0601
0,19,52,0,0,40.0577
0,20,52,0,0,40.0552
0,21,52,0,0,40.0528
0,22,52,0,0,40.0504
0,23,52,0,0,40.048
0,24,52,0,0,40.0457
0,25,52,0,0,40.0434
0,26,52,0,0,40.0411
0,27,52,0,0,40.0389
0,28,52,0,0,40.0368
0,29,52,0,0,40.0348
0,30,52,0,0,40.0328
0,31,52,0,0,40.0309
0,32,52,0,0,40.029
0,33,52,0,0,40.0273
0,34,52,0,0,40.0256
0,35,52,0,0,40.024
0,36,52,0,0,40.0225
0,37,52,0,0,40.021
0,38,52,0,0,40.0196
0,39,52,0,0,40.0183
0,40,52,0,0,40.0171
0,41,52,0,0,40.016
0,42,52,0,0,40.0149
0,43,52,0,0,40.0139
0,44,52,0,0,40.0129
0,45,52,0,0,40.012
0,46,52,0,0,40.0112
0,47,52,0,0,40.0104
0,48,52,0,0,40.0097
0,49,52,0,0,40.0091
0,50,52,0,0,40.0085
0,51,52,0,0,40.0079
0,52,52,0,0,40.0074
0,53,52,0,0,40.0069
0,54,52,0,0,40.0065
0,55,52,0,0,40.0062
0,56,52,0,0,40.0058
0,57,52,0,0,40.0055
0,58,52,0,0,40.0053
0,59,52,0,0,40.0051
0,60,52,0,0,40.0049
0,61,52,0,0,40.0048
0,62,52,0,0,40.0047
0,63,52,0,0,40.0046
0,0,53,0,0,40.0811
0,1,53,0,0,40.0807
0,2,53,0,0,40.0802
0,3,53,0,0,40.0795
0,4,53,0,0,40.0786
0,5,53,0,0,40.0776
0,6,53,0,0,40.0764
0,7,53,0,0,40.0751
0,8,53,0,0,40.0737
0,9,53,0,0,40.0721
0,10,53,0,0,40.0705
0,11,53,0,0,40.0687
0,12,53,0,0,40.0668
0,13,53,0,0,40.0649
0,14,53,0,0,40.0629
0,15,53,0,0,40.0608
0,16,53,0,0,40.0587
0,17,53,0,0,40.0566
0,18,53,0,0,40.0544
0,19,53,0,0,40.0522
0,20,53,0,0,40.0501
0,21,53,0,0,40.0479
0,22,53,0,0,40.0458
0,23,53,0,0,40.0436
0,24,53,0,0,40.0416
0,25,53,0,0,40.0395
0,26,53,0,0,40.0375
0,27,53,0,0,40.0355
0,28,53,0,0,40.0336
0,29,53,0,0,40.0318
0,30,53,0,0,40.03
0,31,53,0,0,40.0283
0,32,53,0,0,40.0266
0,33,53,0,0,40.0251
0,34,53,0,0,40.0235
0,35,53,0,0,40.0221
0,36,53,0,0,40.0207
0,37,53,0,0,40.0194
0,38,53,0,0,40.0181
0,39,53,0,0,40.017
0,40,53,0,0,40.0158
0,41,53,0,0,40.0148
0,42,53,0,0,40.0138
0,43,53,0,0,40.0129
0,44,53,0,0,40.012
0,45,53,0,0,40.0112
0,46,53,0,0,40.0104
0,47,53,0,0,40.0097
0,48,53,0,0,40.0091
0,49,53,0,0,40.0085
0,50,53,0,0,40.0079
0,51,53,0,0,40.0074
0,52,53,0,0,40.0069
0,53,53,0,0,40.0065
0,54,53,0,0,40.0061
0,55,53,0,0,40.0058
0,56,53,0,0,40.0055
0,57,53,0,0,40.0052
0,58,53,0,0,40.005
0,59,53,0,0,40.0048
0,60,53,0,0,40.0046
0,61,53,0,0,40.0045
0,62,53,0,0,40.0044
0,63,53,0,0,40.0044
0,0,54,0,0,40.073
0,1,54,0,0,40.0727
0,2,54,0,0,40.0722
0,3,54,0,0,40.0716
0,4,54,0,0,40.0709
0,5,54,0,0,40.07
0,6,54,0,0,40.0689
0,7,54,0,0,40.0678
0,8,54,0,0,40.0665
0,9,54,0,0,40.0651
0,10,54,0,0,40.0637
0,11,54,0,0,40.0621
0,12,54,0,0,40.0604
0,13,54,0,0,40.0587
0,14,54,0,0,40.0569
0,15,54,0,0,40.0551
0,16,54,0,0,40.0532
0,17,54,0,0,40.0513
0,18,54,0,0,40.0494
0,19,54,0,0,40.0475
0,20,54,0,0,40.0456
0,21,54,0,0,40.0436
0,22,54,0,0,40.0417
0,23,54,0,0,40.0398
0,24,54,0,0,40.0379
0,25,54,0,0,40.0361
0,26,54,0,0,40.0343
0,27,54,0,0,40.0325
0,28,54,0,0,40.0308
0,29,54,0,0,40.0292
0,30,54,0,0,40.0276
0,31,54,0,0,40.026
0,32,54,0,0,40.0245
0,33,54,0,0,40.0231
0,34,54,0,0,40.0217
0,35,54,0,0,40.0204
0,36,54,0,0,40.0191
0,37,54,0,0,40.0179
0,38,54,0,0,40.0168
0,39,54,0,0,40.0157
0,40,54,0,0,40.0147
0,41,54,0,0,40.0137
0,42,54,0,0,40.0128
0,43,54,0,0,40.012
0,44,54,0,0,40.0112
0,45,54,0,0,40.0104
0,46,54,0,0,40.0097
0,47,54,0,0,40.0091
0,48,54,0,0,40.0085
0,49,54,0,0,40.0079
0,50,54,0,0,40.0074
0,51,54,0,0,40.007
0,52,54,0,0,40.0065
0,53,54,0,0,40.0061
0,54,54,0,0,40.0058
0,55,54,0,0,40.0055
0,56,54,0,0,40.0052
0,57,54,0,0,40.0049
0,58,54,0,0,40.0047
0,59,54,0,0,40.0045
0,60,54,0,0,40.0044
0,61,54,0,0,40.0043
0,62,54,0,0,40.0042
0,63,54,0,0,40.0041
0,0,55,0,0,40.066
0,1,55,0,0,40.0658
0,2,55,0,0,40.0654
0,3,55,0,0,40.0648
0,4,55,0,0,40.0641
0,5,55,0,0,40.0633
0,6,55,0,0,40.0624
0,7,55,0,0,40.0614
0,8,55,0,0,40.0603
0,9,55,0,0,40.0591
0,10,55,0,0,40.0577
0,11,55,0,0,40.0564
0,12,55,0,0,40.0549
0,13,55,0,0,40.0534
0,14,55,0,0,40.0518
0,15,55,0,0,40.0501
0,16,55,0,0,40.0485
0,17,55,0,0,40.0468
0,18,55,0,0,40.0451
0,19,55,0,0,40.0433
0,20,55,0,0,40.0416
0,21,55,0,0,40.0399
0,22,55,0,0,40.0382
0,23,55,0,0,40.0365
0,24,55,0,0,40.0348
0,25,55,0,0,40.0331
0,26,55,0,0,40.0315
0,27,55,0,0,40.0299
0,28,55,0,0,40.0284
0,29,55,0,0,40.0269
0,30,55,0,0,40.0254
0,31,55,0,0,40.024
0,32,55,0,0,40.0226
0,33,55,0,0,40.0213
0,34,55,0,0,40.0201
0,35,55,0,0,40.0189
0,36,55,0,0,40.0177
0,37,55,0,0,40.0167
0,38,55,0,0,40.0156
0,39,55,0,0,40.0146
0,40,55,0,0,40.0137
0,41,55,0,0,40.0128
0,42,55,0,0,40.012
0,43,55,0,0,40.0112
0,44,55,0,0,40.0105
0,45,55,0,0,40.0098
0,46,55,0,0,40.0091
0,47,55,0,0,40.0085
0,48,55,0,0,40.008
0,49,55,0,0,40.0075
0,50,55,0,0,40.007
0,51,55,0,0,40.0066
0,52,55,0,0,40.0062
0,53,55,0,0,40.0058
0,54,55,0,0,40.0055
0,55,55,0,0,40.0052
0,56,55,0,0,40.0049
0,57,55,0,0,40.0047
0,58,55,0,0,40.0045
0,59,55,0,0,40.0043
0,60,55,0,0,40.0042
0,61,55,0,0,40.0041
0,62,55,0,0,40.004
0,63,55,0,0,40.0039
0,0,56,0,0,40.06
0,1,56,0,0,40.0598
0,2,56,0,0,40.0594
0,3,56,0,0,40.0589
0,4,56,0,0,40.0583
0,5,56,0,0,40.0576
0,6,56,0,0,40.0568
0,7,56,0,0,40.0559
0,8,56,0,0,40.0549
0,9,56,0,0,40.0538
0,10,56,0,0,40.0526
0,11,56,0,0,40.0514
0,12,56,0,0,40.0501
0,13,56,0,0,40.0487
0,14,56,0,0,40.0473
0,15,56,0,0,40.0458
0,16,56,0,0,40.0443
0,17,56,0,0,40.0428
0,18,56,0,0,40.0413
0,19,56,0,0,40.0397
0,20,56,0,0,40.0382
0,21,56,0,0,40.0366
0,22,56,0,0,40.0351
0,23,56,0,0,40.0335
0,24,56,0,0,40.032
0,25,56,0,0,40.0305
0,26,56,0,0,40.0291
0,27,56,0,0,40.0276
0,28,56,0,0,40.0262
0,29,56,0,0,40.0248
0,30,56,0,0,40.0235
0,31,56,0,0,40.0222
0,32,56,0,0,40.021
0,33,56,0,0,40.0198
0,34,56,0,0,40.0187
0,35,56,0,0,40.0176
0,36,56,0,0,40.0165
0,37,56,0,0,40.0155
0,38,56,0,0,40.0146
0,39,56,0,0,40.0137
0,40,56,0,0,40.0128
0,41,56,0,0,40.012
0,42,56,0,0,40.0112
0,43,56,0,0,40.0105
0,44,56,0,0,40.0098
0,45,56,0,0,40.0092
0,46,56,0,0,40.0086
0,47,56,0,0,40.008
0,48,56,0,0,40.0075
0,49,56,0,0,40.0071
0,50,56,0,0,40.0066
0,51,56,0,0,40.0062
0,52,56,0,0,40.0058
0,53,56,0,0,40.0055
0,54,56,0,0,40.0052
0,55,56,0,0,40.0049
0,56,56,0,0,40.0047
0,57,56,0,0,40.0045
0,58,56,0,0,40.0043
0,59,56,0,0,40.0041
0,60,56,0,0,40.004
0,61,56,0,0,40.0039
0,62,56,0,0,40.0038
0,63,56,0,0,40.0037
0,0,57,0,0,40.0549
0,1,57,0,0,40.0547
0,2,57,0,0,40.0543
0,3,57,0,0,40.0539
0,4,57,0,0,40.0534
0,5,57,0,0,40.0527
0,6,57,0,0,40.052
0,7,57,0,0,40.0512
0,8,57,0,0,40.0503
0,9,57,0,0,40.0493
0,10,57,0,0,40.0483
0,11,57,0,0,40.0472
0,12,57,0,0,40.046
0,13,57,0,0,40.0447
0,14,57,0,0,40.0435
0,15,57,0,0,40.0421
0,16,57,0,0,40.0408
0,17,57,0,0,40.0394
0,18,57,0,0,40.038
0,19,57,0,0,40.0366
0,20,57,0,0,40.0352
0,21,57,0,0,40.0338
0,22,57,0,0,40.0324
0,23,57,0,0,40.031
0,24,57,0,0,40.0296
0,25,57,0,0,40.0283
0,26,57,0,0,40.0269
0,27,57,0,0,40.0256
0,28,57,0,0,40.0243
0,29,57,0,0,40.0231
0,30,57,0,0,40.0219
0,31,57,0,0,40.0207
0,32,57,0,0,40.0196
0,33,57,0,0,40.0185
0,34,57,0,0,40.0174
0,35,57,0,0,40.0164
0,36,57,0,0,40.0155
0,37,57,0,0,40.0145
0,38,57,0,0,40.0137
0,39,57,0,0,40.0128
0,40,57,0,0,40.012
0,41,57,0,0,40.0113
0,42,57,0,0,40.0106
0,43,57,0,0,40.0099
0,44,57,0,0,40.0093
0,45,57,0,0,40.0087
0,46,57,0,0,40.0081
0,47,57,0,0,40.0076
0,48,57,0,0,40.0071
0,49,57,0,0,40.0067
0,50,57,0,0,40.0063
0,51,57,0,0,40.0059
0,52,57,0,0,40.0055
0,53,57,0,0,40.0052
0,54,57,0,0,40.0049
0,55,57,0,0,40.0047
0,56,57,0,0,40.0045
0,57,57,0,0,40.0043
0,58,57,0,0,40.0041
0,59,57,0,0,40.0039
0,60,57,0,0,40.0038
0,61,57,0,0,40.0037
0,62,57,0,0,40.0036
0,63,57,0,0,40.0036
0,0,58,0,0,40.0506
0,1,58,0,0,40.0504
0,2,58,0,0,40.0501
0,3,58,0,0,40.0497
0,4,58,0,0,40.0492
0,5,58,0,0,40.0486
0,6,58,0,0,40.048
0,7,58,0,0,40.0472
0,8,58,0,0,40.0464
0,9,58,0,0,40.0455
0,10,58,0,0,40.0446
0,11,58,0,0,40.0436
0,12,58,0,0,40.0425
0,13,58,0,0,40.0414
0,14,58,0,0,40.0402
0,15,58,0,0,40.039
0,16,58,0,0,40.0378
0,17,58,0,0,40.0365
0,18,58,0,0,40.0353
0,19,58,0,0,40.034
0,20,58,0,0,40.0327
0,21,58,0,0,40.0314
0,22,58,0,0,40.0301
0,23,58,0,0,40.0289
0,24,58,0,0,40.0276
0,25,58,0,0,40.0264
0,26,58,0,0,40.0251
0,27,58,0,0,40.0239
0,28,58,0,0,40.0228
0,29,58,0,0,40.0216
0,30,58,0,0,40.0205
0,31,58,0,0,40.0194
0,32,58,0,0,40.0184
0,33,58,0,0,40.0174
0,34,58,0,0,40.0164
0,35,58,0,0,40.0154
0,36,58,0,0,40.0146
0,37,58,0,0,40.0137
0,38,58,0,0,40.0129
0,39,58,0,0,40.0121
0,40,58,0,0,40.0114
0,41,58,0,0,40.0107
0,42,58,0,0,40.01
0,43,58,0,0,40.0094
0,44,58,0,0,40.0088
0,45,58,0,0,40.0082
0,46,58,0,0,40.0077
0,47,58,0,0,40.0072
0,48,58,0,0,40.0068
0,49,58,0,0,40.0064
0,50,58,0,0,40.006
0,51,58,0,0,40.0056
0,52,58,0,0,40.0053
0,53,58,0,0,40.005
0,54,58,0,0,40.0047
0,55,58,0,0,40.0045
0,56,58,0,0,40.0043
0,57,58,0,0,40.0041
0,58,58,0,0,40.0039
0,59,58,0,0,40.0038
0,60,58,0,0,40.0037
0,61,58,0,0,40.0036
0,62,58,0,0,40.0035
0,63,58,0,0,40.0035
0,0,59,0,0,40.0469
0,1,59,0,0,40.0468
0,2,59,0,0,40.0465
0,3,59,0,0,40.0461
0,4,59,0,0,40.0457
0,5,59,0,0,40.0452
0,6,59,0,0,40.0446
0,7,59,0,0,40.0439
0,8,59,0,0,40.0432
0,9,59,0,0,40.0424
0,10,59,0,0,40.0415
0,11,59,0,0,40.0406
0,12,59,0,0,40.0396
0,13,59,0,0,40.0386
0,14,59,0,0,40.0375
0,15,59,0,0,40.0364
0,16,59,0,0,40.0353
0,17,59,0,0,40.0341
0,18,59,0,0,40.033
0,19,59,0,0,40.0318
0,20,59,0,0,40.0306
0,21,59,0,0,40.0294
0,22,59,0,0,40.0283
0,23,59,0,0,40.0271
0,24,59,0,0,40.0259
0,25,59,0,0,40.0248
0,26,59,0,0,40.0236
0,27,59,0,0,40.0225
0,28,59,0,0,40.0214
0,29,59,0,0,40.0204
0,30,59,0,0,40.0193
0,31,59,0,0,40.0183
0,32,59,0,0,40.0173
0,33,59,0,0,40.0164
0,34,59,0,0,40.0155
0,35,59,0,0,40.0146
0,36,59,0,0,40.0138
0,37,59,0,0,40.013
0,38,59,0,0,40.0122
0,39,59,0,0,40.0115
0,40,59,0,0,40.0108
0,41,59,0,0,40.0101
0,42,59,0,0,40.0095
0,43,59,0,0,40.0089
0,44,59,0,0,40.0084
0,45,59,0,0,40.0079
0,46,59,0,0,40.0074
0,47,59,0,0,40.0069
0,48,59,0,0,40.0065
0,49,59,0,0,40.0061
0,50,59,0,0,40.0057
0,51,59,0,0,40.0054
0,52,59,0,0,40.0051
0,53,59,0,0,40.0048
0,54,59,0,0,40.0045
0,55,59,0,0,40.0043
0,56,59,0,0,40.0041
0,57,59,0,0,40.0039
0,58,59,0,0,40.0038
0,59,59,0,0,40.0036
0,60,59,0,0,40.0035
0,61,59,0,0,40.0034
0,62,59,0,0,40.0034
0,63,59,0,0,40.0033
0,0,60,0,0,40.044
0,1,60,0,0,40.0439
0,2,60,0,0,40.0436
0,3,60,0,0,40.0433
0,4,60,0,0,40.0429
0,5,60,0,0,40.0424
0,6,60,0,0,40.0418
0,7,60,0,0,40.0412
0,8,60,0,0,40.0405
0,9,60,0,0,40.0398
0,10,60,0,0,40.039
0,11,60,0,0,40.0381
0,12,60,0,0,40.0372
0,13,60,0,0,40.0363
0,14,60,0,0,40.0353
0,15,60,0,0,40.0343
0,16,60,0,0,40.0332
0,17,60,0,0,40.0322
0,18,60,0,0,40.0311
0,19,60,0,0,40.03
0,20,60,0,0,40.0289
0,21,60,0,0,40.0278
0,22,60,0,0,40.0267
0,23,60,0,0,40.0256
0,24,60,0,0,40.0245
0,25,60,0,0,40.0234
0,26,60,0,0,40.0224
0,27,60,0,0,40.0213
0,28,60,0,0,40.0203
0,29,60,0,0,40.0193
0,30,60,0,0,40.0184
0,31,60,0,0,40.0174
0,32,60,0,0,40.0165
0,33,60,0,0,40.0156
0,34,60,0,0,40.0148
0,35,60,0,0,40.0139
0,36,60,0,0,40.0132
0,37,60,0,0,40.0124
0,38,60,0,0,40.0117
0,39,60,0,0,40.011
0,40,60,0,0,40.0103
0,41,60,0,0,40.0097
0,42,60,0,0,40.0091
0,43,60,0,0,40.0086
0,44,60,0,0,40.008
0,45,60,0,0,40.0075
0,46,60,0,0,40.0071
0,47,60,0,0,40.0067
0,48,60,0,0,40.0062
0,49,60,0,0,40.0059
0,50,60,0,0,40.0055
0,51,60,0,0,40.0052
0,52,60,0,0,40.0049
0,53,60,0,0,40.0046
0,54,60,0,0,40.0044
0,55,60,0,0,40.0042
0,56,60,0,0,40.004
0,57,60,0,0,40.0038
0,58,60,0,0,40.0037
0,59,60,0,0,40.0035
0,60,60,0,0,40.0034
0,61,60,0,0,40.0033
0,62,60,0,0,40.0033
0,63,60,0,0,40.0032
0,0,61,0,0,40.0417
0,1,61,0,0,40.0416
0,2,61,0,0,40.0413
0,3,61,0,0,40.041
0,4,61,0,0,40.0407
0,5,61,0,0,40.0402
0,6,61,0,0,40.0397
0,7,61,0,0,40.0391
0,8,61,0,0,40.0385
0,9,61,0,0,40.0378
0,10,61,0,0,40.037
0,11,61,0,0,40.0362
0,12,61,0,0,40.0354
0,13,61,0,0,40.0345
0,14,61,0,0,40.0336
0,15,61,0,0,40.0326
0,16,61,0,0,40.0316
0,17,61,0,0,40.0306
0,18,61,0,0,40.0296
0,19,61,0,0,40.0286
0,20,61,0,0,40.0276
0,21,61,0,0,40.0265
0,22,61,0,0,40.0255
0,23,61,0,0,40.0245
0,24,61,0,0,40.0234
0,25,61,0,0,40.0224
0,26,61,0,0,40.0214
0,27,61,0,0,40.0204
0,28,61,0,0,40.0195
0,29,61,0,0,40.0185
0,30,61,0,0,40.0176
0,31,61,0,0,40.0167
0,32,61,0,0,40.0158
0,33,61,0,0,40.015
0,34,61,0,0,40.0142
0,35,61,0,0,40.0134
0,36,61,0,0,40.0127
0,37,61,0,0,40.0119
0,38,61,0,0,40.0112
0,39,61,0,0,40.0106
0,40,61,0,0,40.01
0,41,61,0,0,40.0094
0,42,61,0,0,40.0088
0,43,61,0,0,40.0083
0,44,61,0,0,40.0078
0,45,61,0,0,40.0073
0,46,61,0,0,40.0069
0,47,61,0,0,40.0064
0,48,61,0,0,40.0061
0,49,61,0,0,40.0057
0,50,61,0,0,40.0054
0,51,61,0,0,40.0051
0,52,61,0,0,40.0048
0,53,61,0,0,40.0045
0,54,61,0,0,40.0043
0,55,61,0,0,40.0041
0,56,61,0,0,40.0039
0,57,61,0,0,40.0037
0,58,61,0,0,40.0036
0,59,61,0,0,40.0034
0,60,61,0,0,40.0033
0,61,61,0,0,40.0033
0,62,61,0,0,40.0032
0,63,61,0,0,40.0032
0,0,62,0,0,40.04
0,1,62,0,0,40.0399
0,2,62,0,0,40.0397
0,3,62,0,0,40.0394
0,4,62,0,0,40.039
0,5,62,0,0,40.0386
0,6,62,0,0,40.0381
0,7,62,0,0,40.0376
0,8,62,0,0,40.037
0,9,62,0,0,40.0363
0,10,62,0,0,40.0356
0,11,62,0,0,40.0348
0,12,62,0,0,40.034
0,13,62,0,0,40.0332
0,14,62,0,0,40.0323
0,15,62,0,0,40.0314
0,16,62,0,0,40.0305
0,17,62,0,0,40.0295
0,18,62,0,0,40.0285
0,19,62,0,0,40.0276
0,20,62,0,0,40.0266
0,21,62,0,0,40.0256
0,22,62,0,0,40.0246
0,23,62,0,0,40.0236
0,24,62,0,0,40.0226
0,25,62,0,0,40.0217
0,26,62,0,0,40.0207
0,27,62,0,0,40.0198
0,28,62,0,0,40.0188
0,29,62,0,0,40.0179
0,30,62,0,0,40.017
0,31,62,0,0,40.0162
0,32,62,0,0,40.0153
0,33,62,0,0,40.0145
0,34,62,0,0,40.0138
0,35,62,0,0,40.013
0,36,62,0,0,40.0123
0,37,62,0,0,40.0116
0,38,62,0,0,40.0109
0,39,62,0,0,40.0103
0,40,62,0,0,40.0097
0,41,62,0,0,40.0091
0,42,62,0,0,40.0086
0,43,62,0,0,40.0081
0,44,62,0,0,40.0076
0,45,62,0,0,40.0071
0,46,62,0,0,40.0067
0,47,62,0,0,40.0063
0,48,62,0,0,40.0059
0,49,62,0,0,40.0056
0,50,62,0,0,40.0052
0,51,62,0,0,40.0049
0,52,62,0,0,40.0047
0,53,62,0,0,40.0044
0,54,62,0,0,40.0042
0,55,62,0,0,40.004
0,56,62,0,0,40.0038
0,57,62,0,0,40.0036
0,58,62,0,0,40.0035
0,59,62,0,0,40.0034
0,60,62,0,0,40.0033
0,61,62,0,0,40.0032
0,62,62,0,0,40.0031
0,63,62,0,0,40.0031
0,0,63,0,0,40.0389
0,1,63,0,0,40.0388
0,2,63,0,0,40.0386
0,3,63,0,0,40.0383
0,4,63,0,0,40.038
0,5,63,0,0,40.0375
0,6,63,0,0,40.0371
0,7,63,0,0,40.0365
0,8,63,0,0,40.036
0,9,63,0,0,40.0353
0,10,63,0,0,40.0346
0,11,63,0,0,40.0339
0,12,63,0,0,40.0331
0,13,63,0,0,40.0323
0,14,63,0,0,40.0315
0,15,63,0,0,40.0306
0,16,63,0,0,40.0297
0,17,63,0,0,40.0288
0,18,63,0,0,40.0278
0,19,63,0,0,40.0269
0,20,63,0,0,40.0259
0,21,63,0,0,40.025
0,22,63,0,0,40.024
0,23,63,0,0,40.023
0,24,63,0,0,40.0221
0,25,63,0,0,40.0211
0,26,63,0,0,40.0202
0,27,63,0,0,40.0193
0,28,63,0,0,40.0184
0,29,63,0,0,40.0175
0,30,63,0,0,40.0167
0,31,63,0,0,40.0158
0,32,63,0,0,40.015
0,33,63,0,0,40.0142
0,34,63,0,0,40.0135
0,35,63,0,0,40.0127
0,36,63,0,0,40.012
0,37,63,0,0,40.0114
0,38,63,0,0,40.0107
0,39,63,0,0,40.0101
0,40,63,0,0,40.0095
0,41,63,0,0,40.009
0,42,63,0,0,40.0084
0,43,63,0,0,40.0079
0,44,63,0,0,40.0074
0,45,63,0,0,40.007
0,46,63,0,0,40.0066
0,47,63,0,0,40.0062
0,48,63,0,0,40.0058
0,49,63,0,0,40.0055
0,50,63,0,0,40.0052
0,51,63,0,0,40.0049
0,52,63,0,0,40.0046
0,53,63,0,0,40.0044
0,54,63,0,0,40.0041
0,55,63,0,0,40.0039
0,56,63,0,0,40.0037
0,57,63,0,0,40.0036
0,58,63,0,0,40.0035
0,59,63,0,0,40.0033
0,60,63,0,0,40.0032
0,61,63,0,0,40.0032
0,62,63,0,0,40.0031
0,63,63,0,0,40.0031
